,0,1,2,3,4,5,6,7,8,9,10,11,12,13,14,15,16,17,18,chain_break_fraction,energy,num_occurrences
0,1,0,1,1,1,1,0,0,0,1,0,0,1,1,1,1,1,1,1,0.0,-805.0202770313759,1
1,1,0,0,1,0,1,0,0,1,1,0,1,1,1,1,1,1,1,1,0.0,-796.7155114343631,3
2,1,0,0,1,1,1,0,0,1,1,0,0,1,1,1,1,1,1,1,0.0,-796.0028041005734,2
3,1,0,1,1,1,0,0,1,0,1,0,0,1,1,1,1,1,1,1,0.0,-795.5987883246663,3
4,1,0,0,1,1,1,0,0,1,1,0,1,1,1,1,1,1,1,1,0.0,-789.4291568497973,3
5,1,0,1,1,1,1,1,0,0,1,0,0,1,1,1,1,1,1,1,0.0,-787.852309434545,2
6,1,0,0,1,0,0,0,1,1,1,0,1,1,1,1,1,1,1,1,0.0,-787.2940227276532,2
7,1,1,1,1,1,1,0,0,0,1,0,0,1,1,1,1,1,1,1,0.0,-786.7574183152564,1
8,1,0,0,1,1,0,0,1,1,1,0,0,1,1,1,1,1,1,1,0.0,-786.5813153938637,3
9,1,0,0,0,0,0,0,1,1,1,1,1,1,1,1,1,1,1,1,0.0,-785.6178468485406,4
10,1,0,0,1,1,0,0,1,1,1,0,1,1,1,1,1,1,1,1,0.0,-780.0076681430875,1
11,1,0,0,1,0,1,1,0,1,1,0,1,1,1,1,1,1,1,1,0.0,-779.5475438375319,2
12,1,0,1,0,1,0,0,1,1,1,1,0,1,1,1,1,1,1,1,0.0,-779.2731628463063,1
13,1,0,0,1,1,1,1,0,1,1,0,0,1,1,1,1,1,1,1,0.0,-778.8348365037424,1
14,1,0,1,1,1,1,0,0,0,1,0,0,1,1,1,1,1,0,1,0.0,-778.7097867406768,1
15,1,0,0,0,1,0,0,1,1,1,1,1,1,1,1,1,1,1,1,0.0,-778.3314922639748,1
16,0,0,1,0,1,0,0,1,0,1,1,0,1,1,1,1,1,1,1,0.0,-777.34562018191,1
17,1,0,1,0,1,0,1,1,0,1,1,0,1,1,1,1,1,1,1,0.0,-776.7546448487225,1
18,1,0,1,1,1,0,0,0,0,1,0,0,1,1,1,1,1,1,1,0.0,-771.9019707646775,2
19,1,0,1,1,1,1,0,0,0,1,0,0,1,1,1,1,0,1,1,0.0,-771.7813415231602,2
20,1,0,0,1,0,1,0,1,1,1,0,1,1,1,1,1,1,1,1,0.0,-770.4123289943519,1
21,1,0,0,1,0,1,0,0,1,1,0,1,1,1,1,1,1,0,1,0.0,-770.4050211436639,8
22,1,0,0,1,0,0,1,1,1,1,0,1,1,1,1,1,1,1,1,0.0,-770.1260551308222,2
23,1,0,0,1,0,1,0,0,1,1,0,1,1,1,1,1,1,1,0,0.0,-770.034100590291,1
24,1,0,0,1,1,1,0,0,1,1,0,0,1,1,1,1,1,0,1,0.0,-769.6923138098742,1
25,1,1,1,1,1,1,1,0,0,1,0,0,1,1,1,1,1,1,1,0.0,-769.5794507184254,1
26,1,0,0,1,1,0,1,1,1,1,0,0,1,1,1,1,1,1,1,0.0,-769.4133477970325,1
27,1,0,0,1,1,1,0,0,1,1,0,0,1,1,1,1,1,1,0,0.0,-769.3213932565013,3
28,1,0,1,1,1,0,0,1,0,1,0,0,1,1,1,1,1,0,1,0.0,-769.2882980339672,2
29,1,0,0,0,0,1,0,1,1,1,1,1,1,1,1,1,1,1,1,0.0,-768.7361531152393,1
30,1,0,0,0,0,0,1,1,1,1,1,1,1,1,1,1,1,1,1,0.0,-768.4498792517096,3
31,1,1,0,1,1,0,0,1,1,1,0,0,1,1,1,1,1,1,1,0.0,-768.3184566777442,1
32,1,0,1,0,1,0,0,1,0,1,1,0,1,1,1,1,1,0,1,0.0,-767.6121221548545,1
33,1,0,1,0,1,0,0,1,0,1,1,0,1,1,1,1,1,1,0,0.0,-767.2412016014816,1
34,1,0,0,1,0,1,0,0,1,1,1,1,1,1,1,1,1,1,1,0.0,-766.4136889992443,2
35,1,0,1,1,1,0,0,1,0,1,1,0,1,1,1,1,1,1,1,0.0,-765.2969658895478,1
36,1,0,0,0,1,0,0,1,1,1,0,0,1,1,1,1,1,1,1,0.0,-765.2069619498697,2
37,1,0,1,1,1,1,0,0,1,1,0,0,1,1,1,1,1,1,0,0.0,-763.6994165880567,2
38,1,0,0,1,0,0,0,0,1,1,0,1,1,1,1,1,1,1,1,0.0,-763.5972051676644,1
39,1,0,0,1,1,1,0,0,1,1,0,1,1,1,1,1,1,0,1,0.0,-763.1286665590982,2
40,1,0,0,1,1,0,0,0,1,1,0,0,1,1,1,1,1,1,1,0.0,-762.8844978338747,1
41,1,0,0,1,1,1,0,0,1,1,0,0,1,1,1,1,0,1,1,0.0,-762.7638685923577,1
42,1,0,0,1,1,1,0,0,1,1,0,1,1,1,1,1,1,1,0,0.0,-762.7577460057253,1
43,1,0,0,0,1,1,0,1,1,1,1,1,1,1,1,1,1,1,1,0.0,-761.4397985306736,1
44,1,0,1,1,1,1,1,0,0,1,0,0,1,1,1,1,1,1,0,0.0,-761.1808985904729,1
45,1,0,0,1,0,0,0,1,1,1,0,1,1,1,1,1,1,0,1,0.0,-760.9835324369541,2
46,1,0,0,1,1,1,0,0,0,1,0,0,1,1,1,1,1,1,1,0.0,-760.6522536998206,1
47,1,0,0,1,0,0,0,1,1,1,0,1,1,1,1,1,1,1,0,0.0,-760.6126118835812,1
48,1,1,0,1,1,1,1,0,1,1,0,0,1,1,1,1,1,1,1,0.0,-760.5619777876228,1
49,1,0,0,1,1,0,0,1,1,1,0,0,1,1,1,1,1,0,1,0.0,-760.2708251031646,2
50,1,0,0,1,1,0,0,1,1,1,0,0,1,1,1,1,1,1,0,0.0,-759.8999045497917,1
51,1,0,0,0,0,0,0,1,1,1,1,1,1,1,1,1,1,0,1,0.0,-759.3073565578414,2
52,1,0,0,0,0,0,0,1,1,1,1,1,1,1,1,1,1,1,0,0.0,-758.9364360044685,3
53,1,0,0,0,1,0,0,1,1,1,0,1,1,1,1,1,1,1,1,0.0,-758.6433146990936,1
54,1,0,0,0,1,0,0,1,1,1,1,0,1,1,1,1,1,0,1,0.0,-758.594649224052,4
55,1,0,0,0,1,0,0,1,1,1,1,0,1,1,1,1,1,1,0,0.0,-758.2237286706791,1
56,1,0,1,1,1,1,1,0,0,1,1,0,1,1,1,1,1,1,1,0.0,-757.5404869994264,1
57,1,0,1,1,1,1,0,0,1,1,0,0,1,1,1,1,0,1,1,0.0,-757.141891923913,1
58,1,0,1,0,1,0,1,1,0,1,0,0,1,1,1,1,1,1,1,0.0,-757.0664672838412,1
59,1,1,1,1,1,1,1,0,1,1,0,0,1,1,1,1,1,1,1,0.0,-754.9100011191782,1
60,1,0,1,1,1,0,0,1,1,1,0,0,1,1,1,1,1,0,1,0.0,-754.64884843472,2
61,1,0,0,1,0,0,0,1,1,1,0,1,1,1,1,1,0,1,1,0.0,-754.0550872194375,4
62,1,1,0,1,1,1,1,0,1,0,0,0,1,1,1,1,1,1,1,0.0,-754.0010336545241,1
63,1,0,0,1,1,0,0,1,1,1,0,1,1,1,1,1,1,0,1,0.0,-753.7071778523883,1
64,1,1,1,1,1,0,0,0,0,1,0,0,1,1,1,1,1,1,1,0.0,-753.6491120485579,1
65,1,1,1,1,1,1,0,0,0,1,0,0,1,1,1,1,0,1,1,0.0,-753.5284828070406,2
66,1,0,1,0,1,1,0,0,0,1,1,0,1,1,1,1,1,1,1,0.0,-753.3541011522633,1
67,1,0,0,1,1,0,0,1,1,1,0,0,1,1,1,1,0,1,1,0.0,-753.342379885648,1
68,1,0,0,1,1,0,0,1,1,1,0,1,1,1,1,1,1,1,0,0.0,-753.3362572990154,2
69,1,0,0,1,0,1,1,1,1,1,0,1,1,1,1,1,1,1,1,0.0,-753.234361397521,1
70,1,0,1,0,1,0,0,1,1,1,1,0,1,1,1,1,1,0,1,0.0,-752.9726725556071,1
71,1,0,0,1,0,1,1,0,1,1,0,1,1,1,1,1,1,1,0,0.0,-752.8761329934598,2
72,1,0,0,1,1,1,1,0,1,1,0,0,1,1,1,1,1,0,1,0.0,-752.5343462130432,2
73,1,0,0,1,1,1,1,1,1,1,0,0,1,1,1,1,1,1,1,0.0,-752.5216540637313,2
74,1,0,1,1,1,1,0,1,0,1,0,0,1,1,1,1,1,0,1,0.0,-752.4166043006659,1
75,1,0,0,0,0,0,0,1,1,1,1,1,1,1,1,1,0,1,1,0.0,-752.3789113403249,2
76,1,0,0,1,1,1,1,0,1,1,0,0,1,1,1,1,1,1,0,0.0,-752.1634256596703,1
77,1,0,0,0,1,0,0,1,1,1,1,1,1,1,1,1,1,0,1,0.0,-752.0310019732757,1
78,1,0,1,1,1,1,0,0,0,1,0,0,1,1,1,1,1,0,0,0.0,-752.0183758966048,2
79,1,0,0,0,1,0,0,1,1,1,1,0,1,1,1,1,0,1,1,0.0,-751.6662040065354,1
80,1,0,0,0,1,0,0,1,1,1,1,1,1,1,1,1,1,1,0,0.0,-751.6600814199028,2
81,1,0,0,0,0,1,1,1,1,1,1,1,1,1,1,1,1,1,1,0.0,-751.5581855184081,1
82,1,0,0,1,1,0,0,1,0,1,0,0,1,1,1,1,1,1,1,0.0,-751.2307649931109,3
83,0,0,0,0,1,0,1,1,1,1,1,0,1,1,1,1,1,1,1,0.0,-751.1701796542765,2
84,1,1,0,1,1,1,0,0,1,1,0,0,1,1,1,1,1,1,0,0.0,-751.0685345403817,3
85,1,1,1,1,1,0,0,1,0,1,0,0,1,1,1,1,1,0,1,0.0,-751.0354393178476,1
86,1,0,0,0,1,1,1,1,1,1,1,0,1,1,1,1,1,1,1,0.0,-750.8454781846186,1
87,1,0,1,0,1,0,1,1,0,1,1,0,1,1,1,1,1,1,0,0.0,-750.0832340046504,1
88,1,0,0,0,1,0,0,1,0,1,1,0,1,1,1,1,1,1,1,0.0,-749.5545891139983,1
89,1,1,1,0,1,0,0,1,0,1,1,0,1,1,1,1,1,0,1,0.0,-749.359263438735,1
90,1,0,0,1,0,1,1,0,1,1,1,1,1,1,1,1,1,1,1,0.0,-749.2357214024133,1
91,1,0,0,0,0,1,0,1,1,1,0,1,1,1,1,1,1,1,1,0.0,-749.0479755503578,1
92,1,1,1,1,1,1,1,0,1,0,0,0,1,1,1,1,1,1,1,0.0,-748.3590569860795,1
93,1,0,0,0,1,0,1,1,1,1,0,0,1,1,1,1,1,1,1,0.0,-748.0489943530387,1
94,1,0,0,1,0,0,1,0,1,1,0,1,1,1,1,1,1,1,1,0.0,-746.4392375708334,1
95,1,0,0,1,1,0,1,0,1,1,0,0,1,1,1,1,1,1,1,0.0,-745.7265302370437,1
96,1,0,0,1,1,1,1,0,1,1,0,0,1,1,1,1,0,1,1,0.0,-745.6059009955267,1
97,1,0,1,1,1,0,0,0,0,1,0,0,1,1,1,1,1,0,1,0.0,-745.5814804739783,1
98,1,1,1,1,1,0,1,1,1,1,0,0,1,1,1,1,1,1,1,0.0,-745.4885124124684,1
99,1,0,1,1,1,1,0,1,0,1,0,0,1,1,1,1,0,1,1,0.0,-745.4881590831493,1
100,1,0,1,1,1,0,0,0,0,1,0,0,1,1,1,1,1,1,0,0.0,-745.2105599206054,1
101,0,0,0,0,1,1,0,1,1,1,1,1,1,1,1,1,1,1,1,0.0,-744.8828062670299,1
102,1,0,0,1,1,0,0,1,0,1,0,1,1,1,1,1,1,1,1,0.0,-744.6671177423349,3
103,0,0,0,0,1,0,1,1,1,1,1,1,1,1,1,1,1,1,1,0.0,-744.5965324035002,1
104,1,0,0,1,0,0,0,1,1,1,0,0,1,1,1,1,1,1,1,0.0,-743.8676699784295,1
105,1,0,0,1,0,1,0,0,1,1,0,1,1,1,1,1,1,0,0,0.0,-743.7136102995919,1
106,1,0,0,1,1,1,0,1,1,1,0,0,1,1,1,1,1,0,1,0.0,-743.3991313698631,2
107,1,1,1,1,1,1,1,0,0,1,0,0,1,1,1,1,1,0,1,0.0,-743.2889604277262,1
108,1,0,0,1,1,0,1,1,1,1,0,0,1,1,1,1,1,0,1,0.0,-743.1128575063334,1
109,1,0,0,1,1,1,0,1,1,1,0,0,1,1,1,1,1,1,0,0.0,-743.0282108164902,1
110,1,1,1,1,1,1,1,0,0,1,0,0,1,1,1,1,1,1,0,0.0,-742.9180398743533,1
111,1,0,1,1,1,0,0,1,0,1,0,0,1,1,1,1,1,0,0,0.0,-742.5968871898951,1
112,1,0,0,0,0,1,0,1,1,1,1,1,1,1,1,1,1,0,1,0.0,-742.4356628245401,3
113,1,1,0,1,1,1,0,0,0,1,0,0,1,1,1,1,1,1,1,0.0,-742.399394983701,2
114,0,0,0,0,0,0,0,1,1,1,1,1,1,1,1,1,1,1,0,0.0,-742.3494437408251,1
115,1,0,0,0,0,1,0,1,1,1,1,1,1,1,1,1,1,1,0,0.0,-742.0647422711672,1
116,1,0,0,0,0,0,1,1,1,1,1,1,1,1,1,1,1,1,0,0.0,-741.7784684076375,1
117,1,0,0,0,1,1,0,1,1,1,0,1,1,1,1,1,1,1,1,0.0,-741.7616209657921,1
118,1,0,1,1,1,1,0,0,0,1,1,0,1,1,1,1,0,1,1,0.0,-741.4895190880417,1
119,1,0,0,0,1,0,1,1,1,1,0,1,1,1,1,1,1,1,1,0.0,-741.4753471022624,1
120,1,0,0,0,1,0,1,1,1,1,1,0,1,1,1,1,1,1,0,0.0,-741.0657610738479,1
121,1,1,0,0,1,0,0,1,1,1,1,0,1,1,1,1,1,0,1,0.0,-740.3417905079322,1
122,1,0,0,1,0,1,0,0,1,1,1,1,1,1,1,1,1,0,1,0.0,-740.1131987085452,2
123,1,0,0,1,0,0,1,1,1,1,1,1,1,1,1,1,1,1,1,0.0,-739.8142326957037,1
124,1,0,0,0,0,0,0,1,1,1,0,1,1,1,1,1,1,0,1,0.0,-739.5991789929602,2
125,1,0,0,1,1,1,1,0,1,1,0,1,1,1,1,1,0,1,1,0.0,-739.0322537447504,1
126,1,0,0,0,1,0,0,1,1,1,0,0,1,1,1,1,1,0,1,0.0,-738.8864716591705,2
127,1,0,1,1,1,0,0,0,0,1,0,0,1,1,1,1,0,1,1,0.0,-738.6530352564617,1
128,1,1,0,1,1,0,0,1,1,1,1,0,1,1,1,1,1,1,1,0.0,-738.0066342426254,1
129,1,0,1,1,1,1,0,1,1,1,0,0,1,1,1,1,1,0,1,0.0,-737.7671547014185,1
130,1,0,0,1,0,0,0,0,1,1,0,1,1,1,1,1,1,0,1,0.0,-737.2767148769652,2
131,1,0,0,1,0,1,0,0,1,1,0,1,1,1,1,1,0,0,1,0.0,-737.1560856354482,4
132,1,0,0,1,0,0,1,1,1,1,0,1,1,1,1,1,0,1,1,0.0,-736.8971196226065,1
133,1,0,0,1,1,1,0,1,1,1,0,1,1,1,1,1,1,0,1,0.0,-736.825484119087,1
134,1,1,1,1,1,1,1,1,0,0,0,0,1,1,1,1,1,1,1,0.0,-736.7053241453158,1
135,1,0,0,1,1,0,0,0,1,1,0,0,1,1,1,1,1,0,1,0.0,-736.5640075431755,1
136,1,0,0,1,1,0,1,1,1,1,0,1,1,1,1,1,1,0,1,0.0,-736.5392102555574,1
137,1,1,1,1,1,0,1,0,0,1,0,0,1,1,1,1,1,1,1,0.0,-736.4811444517267,1
138,1,0,0,1,1,1,0,0,1,1,0,1,1,1,1,1,1,0,0,0.0,-736.4472557150261,1
139,1,0,0,1,1,1,0,0,1,1,0,0,1,1,1,1,0,0,1,0.0,-736.4433783016585,1
140,1,1,1,1,1,1,1,0,0,0,0,0,1,1,1,1,1,1,0,0.0,-736.3470957412549,1
141,1,0,0,1,1,0,0,0,1,1,0,0,1,1,1,1,1,1,0,0.0,-736.1930869898026,1
142,1,0,1,0,1,1,0,1,1,1,1,0,1,1,1,1,1,0,1,0.0,-736.0909788223058,1
143,1,0,0,1,1,1,0,0,1,1,0,0,1,1,1,1,0,1,0,0.0,-736.0724577482856,1
144,0,0,1,0,1,0,0,1,1,1,1,0,1,1,1,1,1,1,0,0.0,-736.0247597385908,1
145,1,0,0,0,0,1,0,1,1,1,1,1,1,1,1,1,0,1,1,0.0,-735.5072176070236,1
146,1,0,1,0,1,0,1,1,1,1,1,0,1,1,1,1,1,1,0,0.0,-735.4337844054032,1
147,1,0,1,1,1,1,1,0,0,1,0,0,1,1,1,1,1,0,0,0.0,-734.8704082997738,1
148,1,0,0,0,1,0,1,1,1,1,1,0,1,1,1,1,0,1,1,0.0,-734.5082364097042,1
149,1,0,1,0,1,0,0,1,0,1,1,0,1,1,1,1,0,0,1,0.0,-734.3631866466388,1
150,1,0,0,1,1,1,0,0,0,1,0,0,1,1,1,1,1,0,1,0.0,-734.3317634091214,1
151,1,1,0,1,1,1,1,0,1,1,0,0,1,1,1,1,1,0,1,0.0,-734.2714874969237,1
152,1,0,0,1,1,0,1,1,0,1,0,0,1,1,1,1,1,1,1,0.0,-734.07279739628,1
153,1,0,1,0,1,0,0,1,0,1,1,0,1,1,1,1,0,1,0,0.0,-733.9922660932659,1
154,1,0,0,1,1,1,0,0,0,1,0,0,1,1,1,1,1,1,0,0.0,-733.9608428557485,2
155,1,1,1,1,1,1,0,1,0,1,0,0,1,1,1,1,1,1,0,0.0,-733.7828250311734,1
156,1,1,1,1,1,0,1,1,0,1,0,0,1,1,1,1,1,1,0,0.0,-733.4965511676437,1
157,1,1,0,1,1,0,0,1,0,1,0,0,1,1,1,1,1,1,1,0.0,-732.9779062769913,1
158,1,0,0,0,1,1,0,1,0,1,1,0,1,1,1,1,1,1,1,0.0,-732.682895380697,1
159,1,0,1,1,0,0,0,1,1,1,0,1,1,1,1,1,1,1,1,0.0,-731.6720460592086,1
160,1,0,1,1,1,1,1,0,0,1,0,1,1,1,1,1,1,1,1,0.0,-731.2786621837689,1
161,1,0,1,0,1,0,1,1,0,1,0,0,1,1,1,1,1,0,1,0.0,-730.7559769931421,1
162,1,0,0,1,0,0,0,1,1,1,1,1,1,1,1,1,1,0,1,0.0,-730.6917100018355,2
163,1,0,1,1,1,0,0,0,1,1,0,0,1,1,1,1,1,1,0,0.0,-730.581110321358,1
164,1,0,1,1,1,1,0,0,1,1,0,0,1,1,1,1,0,1,0,0.0,-730.460481079841,1
165,1,0,0,1,0,0,0,0,1,1,0,1,1,1,1,1,0,1,1,0.0,-730.3482696594486,1
166,1,1,1,1,1,1,0,0,0,0,0,0,1,1,1,1,1,1,1,0.0,-730.1964741821579,1
167,1,0,0,0,1,0,0,1,0,1,0,0,1,1,1,1,1,1,1,0.0,-729.8464115491169,2
168,1,0,0,1,1,0,0,1,1,1,1,0,1,1,1,1,1,1,0,0.0,-729.6080821146729,1
169,1,0,0,1,0,1,0,0,1,1,0,1,1,1,1,0,1,1,1,0.0,-728.9229395944304,1
170,1,0,0,1,1,1,0,1,0,1,0,1,1,1,1,1,1,1,1,0.0,-727.7854240090334,1
171,1,1,0,1,1,1,1,0,1,0,0,0,1,1,1,1,1,0,1,0.0,-727.700543363825,1
172,1,0,0,1,1,1,0,0,0,1,0,0,1,1,1,1,0,1,1,0.0,-727.4033181916049,2
173,1,1,1,1,1,0,0,0,0,1,0,0,1,1,1,1,1,1,0,0.0,-726.9677012044858,1
174,1,1,1,1,1,0,1,1,0,1,0,0,1,1,1,1,0,1,1,0.0,-726.9390265035,1
175,1,1,1,1,1,1,0,0,0,1,0,0,1,1,1,1,0,1,0,0.0,-726.8470719629686,1
176,1,0,1,0,1,1,0,0,0,1,1,0,1,1,1,1,1,1,0,0.0,-726.6726903081912,1
177,1,0,0,1,0,1,1,0,1,1,0,1,1,1,1,1,1,0,0,0.0,-726.5656427027607,3
178,1,0,0,1,0,1,0,0,1,1,0,1,0,1,1,1,1,1,1,0.0,-726.3908060622119,1
179,0,1,0,0,1,0,1,1,1,0,1,0,1,1,1,1,1,1,1,0.0,-726.3363768050582,1
180,1,0,0,0,1,1,0,1,0,1,1,1,1,1,1,1,1,1,1,0.0,-726.1092481299207,1
181,1,0,0,0,1,0,1,1,0,1,1,1,1,1,1,1,1,1,1,0.0,-725.822974266391,2
182,1,0,1,1,1,1,0,1,0,1,0,0,1,1,1,1,1,0,0,0.0,-725.7351934565938,1
183,1,1,0,1,0,0,0,1,1,1,0,0,1,1,1,1,1,1,1,0.0,-725.6148112623099,1
184,1,0,0,0,1,0,0,1,1,1,1,0,1,1,1,1,0,0,1,0.0,-725.3457137158363,1
185,1,0,0,0,0,1,1,1,1,1,1,1,1,1,1,1,1,0,1,0.0,-725.2676952277089,1
186,1,1,1,0,1,0,1,1,0,0,1,0,1,1,1,1,1,1,0,0.0,-725.2494311554324,1
187,0,0,0,0,1,1,0,1,1,1,1,0,1,1,1,1,1,0,1,0.0,-725.145963227107,1
188,1,0,0,0,0,0,1,1,1,1,1,0,1,1,1,1,1,1,1,0.0,-725.0335265024856,1
189,1,0,0,0,1,0,0,1,1,1,1,0,1,1,1,1,0,1,0,0.0,-724.9747931624634,1
190,1,0,0,1,1,0,0,1,0,1,0,0,1,1,1,1,1,0,1,0.0,-724.9102747024118,3
191,1,0,0,0,0,1,1,1,1,1,1,1,1,1,1,1,1,1,0,0.0,-724.896774674336,1
192,1,0,0,1,1,0,0,1,0,1,0,0,1,1,1,1,1,1,0,0.0,-724.5393541490389,1
193,0,0,1,0,1,0,0,1,0,1,1,0,1,1,1,1,1,0,0,0.0,-724.3237190471389,1
194,1,0,0,0,1,1,1,1,1,1,1,0,1,1,1,1,1,1,0,0.0,-724.1840673405466,1
195,1,0,0,1,1,0,0,0,1,1,0,1,1,1,1,1,0,1,1,0.0,-723.0819150748829,1
196,1,0,0,1,1,0,0,1,1,1,1,1,1,1,1,1,1,1,0,0.0,-723.0344348638969,1
197,1,0,1,1,1,1,0,1,0,1,1,0,1,1,1,1,1,0,1,0.0,-722.1147818655471,1
198,1,0,0,0,1,1,0,1,1,1,0,0,1,1,1,1,1,0,1,0.0,-722.0247779258692,1
199,1,1,1,1,1,0,1,0,1,1,0,0,1,1,1,1,1,1,1,0.0,-721.8216948524795,1
200,1,0,1,1,1,1,0,0,0,1,1,0,1,1,1,1,1,0,0,0.0,-721.7365534614862,1
201,1,1,1,1,1,1,1,0,1,0,0,0,1,1,1,1,1,1,0,0.0,-721.6976461420074,1
202,1,0,0,1,1,1,0,0,1,1,0,1,1,1,1,0,1,1,1,0.0,-721.6465850098647,1
203,1,0,1,1,1,0,0,1,1,1,0,0,1,1,1,1,0,1,0,0.0,-721.0389923731314,1
204,1,0,0,1,1,0,0,1,0,1,1,0,1,1,1,1,1,1,1,0.0,-720.9389425579924,1
205,1,1,0,1,1,0,1,0,1,0,0,0,1,1,1,1,1,1,1,0.0,-720.8927273878254,1
206,1,0,0,1,1,1,0,0,0,1,0,1,1,1,1,1,0,1,1,0.0,-720.8496709408288,3
207,1,0,0,1,1,0,0,1,1,1,0,1,1,1,1,1,0,0,1,0.0,-720.4682423441726,1
208,1,0,1,0,1,0,1,1,0,1,1,1,1,1,1,1,1,1,1,0.0,-720.1809975979464,1
209,1,0,0,1,0,0,0,0,1,1,0,0,1,1,1,1,1,1,1,0.0,-720.1608524184404,1
210,1,0,0,1,0,0,1,0,1,1,0,1,1,1,1,1,1,0,1,0.0,-720.1287472801342,1
211,1,0,1,1,1,1,1,0,0,1,0,0,1,1,1,0,1,1,1,0.0,-720.0697375946124,1
212,1,0,0,1,0,0,0,1,1,1,0,1,1,1,1,0,1,1,1,0.0,-719.5014508877207,2
213,1,0,0,1,1,0,1,0,1,1,0,0,1,1,1,1,1,0,1,0.0,-719.4160399463445,1
214,1,0,0,1,1,1,1,0,1,1,0,1,1,1,1,1,1,0,0,0.0,-719.2892881181949,1
215,0,0,1,0,1,1,0,1,1,1,1,0,1,1,1,1,1,1,0,0.0,-719.1530660052895,1
216,1,1,0,1,0,0,0,1,1,1,0,1,1,1,1,1,1,1,1,0.0,-719.0411640115336,1
217,1,0,0,1,1,1,1,0,1,1,0,0,1,1,1,1,0,1,0,0.0,-718.9244901514546,1
218,1,0,0,1,1,0,0,1,1,1,0,0,1,1,1,0,1,1,1,0.0,-718.7887435539311,1
219,1,0,0,0,0,1,0,0,1,1,1,1,1,1,1,1,1,0,1,0.0,-718.7388452645511,3
220,1,1,1,1,1,1,1,0,1,0,1,0,1,1,1,1,1,1,1,0.0,-718.037234550961,1
221,1,0,0,1,1,0,0,1,0,1,0,0,1,1,1,1,0,1,1,0.0,-717.9818294848952,1
222,1,1,1,0,1,1,1,0,0,1,1,0,1,1,1,1,1,1,1,0.0,-717.9132748393127,1
223,1,1,0,1,1,1,0,0,1,1,0,0,1,1,1,1,0,1,0,0.0,-717.829599032166,2
224,1,0,1,1,1,1,1,0,0,1,0,0,0,1,1,1,1,1,1,0.0,-717.5376040623938,1
225,1,1,1,1,1,0,0,1,0,1,0,0,1,1,1,1,0,1,0,0.0,-717.425583256259,1
226,0,0,1,0,1,0,0,1,0,1,1,0,1,1,1,1,0,1,0,0.0,-717.3952738296223,1
227,1,0,0,1,0,0,0,1,1,1,0,1,0,1,1,1,1,1,1,0.0,-716.9693173555021,1
228,0,0,0,1,0,0,0,0,1,1,1,1,1,1,1,1,1,1,1,0.0,-716.7283904689021,1
229,1,1,0,0,1,0,1,1,1,0,1,0,1,1,1,1,1,0,1,0.0,-716.6028787780027,1
230,1,0,1,0,1,1,1,0,0,1,0,0,1,1,1,1,1,1,1,0.0,-716.4979559905508,1
231,1,0,0,0,1,0,0,1,0,1,1,1,1,1,1,1,1,1,0,0.0,-716.30953101915,1
232,0,0,0,1,1,0,1,1,1,1,1,1,1,1,1,1,1,1,1,0.0,-715.9608858474943,1
233,0,0,0,1,1,1,0,0,1,1,1,0,1,1,1,1,0,1,1,0.0,-715.8950538935954,1
234,1,1,0,1,1,1,0,0,0,1,0,0,1,1,1,1,1,1,0,0.0,-715.7179841396289,1
235,1,0,0,0,1,1,1,1,0,1,1,0,1,1,1,1,1,1,1,0.0,-715.5149277838658,1
236,1,0,0,1,1,1,1,0,1,1,1,1,1,1,1,1,1,1,0,0.0,-715.2779559737755,1
237,1,0,1,1,1,1,0,0,0,1,1,0,1,1,1,1,0,0,1,0.0,-715.1790287973425,1
238,1,0,0,0,1,1,0,1,1,1,0,1,1,1,1,1,1,1,0,0.0,-715.09021012172,1
239,1,0,0,0,1,1,0,1,1,1,1,0,1,1,1,1,1,0,0,0.0,-715.0415446466784,1
240,1,0,0,0,1,0,1,1,1,1,0,0,1,1,1,1,0,1,1,0.0,-714.810058844823,1
241,1,0,1,1,0,1,0,0,1,1,0,1,1,1,1,1,1,0,1,0.0,-714.7930444752193,1
242,1,0,1,0,1,0,0,1,0,1,0,0,1,1,1,1,0,0,1,0.0,-714.6450090817574,1
243,1,0,0,0,1,0,0,1,1,1,1,0,0,1,1,1,1,1,1,0.0,-714.5804341426,1
244,1,0,1,1,1,0,1,0,1,1,0,0,1,1,1,1,1,0,1,0.0,-713.7940632778999,1
245,1,0,0,1,1,1,1,0,0,1,1,0,1,1,1,1,1,1,1,0.0,-713.192463667871,1
246,1,0,0,1,1,1,0,1,1,1,1,0,1,1,1,1,1,1,0,0.0,-712.7263883813716,1
247,1,0,0,1,1,1,0,0,1,1,1,0,1,1,1,1,1,0,0,0.0,-712.7190805306836,1
248,1,0,0,1,1,1,1,1,1,1,0,1,1,1,1,1,0,1,1,0.0,-712.7190713047395,1
249,1,1,1,0,1,0,1,1,0,1,0,0,1,1,1,1,1,0,1,0.0,-712.5031182770225,1
250,1,0,1,0,1,1,0,0,1,1,1,0,1,1,1,1,1,0,1,0.0,-712.404161262317,1
251,1,0,1,1,1,0,0,1,0,1,0,1,1,1,1,1,1,1,0,0.0,-712.3637302298182,1
252,1,0,1,1,1,0,0,0,0,1,0,0,1,1,1,1,0,0,1,0.0,-712.3225449657626,2
253,1,0,1,1,1,0,0,0,0,1,0,0,1,1,1,1,0,1,0,0.0,-711.9516244123897,1
254,1,0,0,0,0,0,0,0,1,1,1,1,1,1,1,1,1,1,1,0.0,-711.9310292885517,1
255,1,0,0,0,0,1,0,0,1,1,1,1,1,1,1,1,0,1,1,0.0,-711.8104000470345,1
256,1,0,0,0,1,0,0,0,1,1,1,0,1,1,1,1,1,1,1,0.0,-711.218321954762,1
257,1,0,0,0,1,1,0,0,1,1,1,0,1,1,1,1,0,1,1,0.0,-711.097692713245,1
258,1,0,1,1,1,1,0,1,1,1,0,0,1,1,1,1,1,0,0,0.0,-711.0957438573464,1
259,1,0,0,0,1,1,0,0,1,1,1,1,1,1,1,1,1,1,0,0.0,-711.0915701266124,1
260,1,0,0,1,1,1,1,0,1,1,0,0,1,1,1,0,1,1,1,0.0,-711.0522646638098,1
261,1,1,1,0,1,1,0,1,1,1,1,0,1,1,1,1,0,1,1,0.0,-710.8896748886697,1
262,1,0,0,1,0,0,0,1,1,1,0,0,1,1,1,1,0,1,1,0.0,-710.6187344702138,1
263,1,0,0,1,1,1,1,1,0,1,0,1,1,1,1,1,1,1,1,0.0,-710.6074564122024,1
264,1,0,0,0,1,0,0,1,1,1,1,1,1,1,1,0,1,1,1,0.0,-710.5489204240423,1
265,1,0,0,1,1,0,1,0,0,1,0,0,1,1,1,1,1,1,1,0.0,-710.3759798362909,2
266,1,0,1,0,0,0,0,1,1,1,0,1,1,1,1,1,1,1,1,0.0,-710.3076926152147,1
267,1,0,0,1,1,1,1,0,0,1,0,0,1,1,1,1,0,1,1,0.0,-710.2553505947739,1
268,1,0,0,1,0,0,1,1,1,1,0,1,1,1,1,1,0,1,0,0.0,-710.2157087785345,1
269,1,0,0,1,1,1,0,1,1,1,0,1,1,1,1,1,1,0,0,0.0,-710.154073275015,1
270,0,0,1,0,1,1,1,1,0,1,1,0,1,1,1,1,0,1,1,0.0,-710.077023343562,1
271,1,1,0,0,1,0,0,1,1,1,1,1,1,1,1,1,1,1,1,0.0,-710.0686335478553,1
272,1,0,1,0,0,0,0,1,1,1,1,0,1,1,1,1,1,1,0,0.0,-709.8881065868002,1
273,1,0,0,1,1,0,1,1,1,1,0,0,1,1,1,1,0,0,1,0.0,-709.8739219981177,1
274,1,1,1,1,1,0,1,0,0,1,0,0,1,1,1,1,1,1,0,0.0,-709.8097336076546,1
275,1,0,0,1,1,1,0,0,1,1,0,0,1,1,1,1,0,0,0,0.0,-709.7419674575865,1
276,1,0,0,1,1,0,0,1,1,1,0,1,0,1,1,1,1,1,1,0.0,-709.6929627709363,1
277,1,0,0,1,1,0,1,1,1,1,0,0,1,1,1,1,0,1,0,0.0,-709.5030014447448,1
278,1,1,0,1,1,0,1,1,0,0,0,0,1,1,1,1,1,1,1,0.0,-709.2389945470617,2
279,1,1,0,1,1,1,0,0,0,1,0,0,1,1,1,1,0,1,1,0.0,-709.1604594754853,1
280,0,0,0,0,0,0,0,1,1,1,1,1,1,1,1,1,0,1,0,0.0,-709.0905082326094,1
281,1,0,0,0,0,0,1,1,1,1,1,1,1,1,1,1,0,0,1,0.0,-708.9104534527947,1
282,1,1,1,0,1,1,1,1,0,0,1,0,1,1,1,1,1,0,1,0.0,-708.738657975504,1
283,1,0,0,0,0,0,1,1,1,1,1,1,1,1,1,1,0,1,0,0.0,-708.5395328994218,1
284,1,0,0,0,1,1,0,1,1,1,1,0,1,1,1,1,0,0,1,0.0,-708.4840199825347,1
285,1,1,0,1,1,0,0,1,1,1,0,0,1,1,1,1,0,1,0,0.0,-708.4081103254564,1
286,1,0,0,1,1,1,0,1,0,1,0,0,1,1,1,1,1,1,0,0.0,-707.6776604157376,1
287,1,0,0,1,1,1,0,0,0,1,0,0,1,1,1,1,1,0,0,0.0,-707.6303525650494,3
288,1,1,0,1,1,1,1,0,1,1,0,0,1,1,1,1,1,0,0,0.0,-707.6000766528516,1
289,1,0,0,0,1,1,1,0,1,1,0,0,1,1,1,1,1,1,1,0.0,-707.4804830597483,1
290,1,0,0,1,1,1,1,0,1,1,0,0,1,1,0,1,1,1,1,0.0,-707.4804830597483,1
291,1,0,0,1,1,0,1,1,0,1,0,0,1,1,1,1,1,1,0,0.0,-707.3913865522079,1
292,1,0,1,0,1,1,1,1,0,1,0,0,1,1,1,1,0,1,1,0.0,-706.9558380423242,1
293,1,0,0,1,0,1,0,1,1,1,1,1,1,1,1,1,0,1,1,0.0,-706.8815710510177,1
294,1,1,0,1,1,0,0,1,0,1,0,0,1,1,1,1,1,0,1,0.0,-706.6674159862922,2
295,1,0,0,1,1,1,0,1,1,1,1,1,1,1,1,1,1,1,0,0.0,-706.1427411305954,1
296,1,1,1,0,1,0,1,1,0,0,0,0,1,1,1,1,1,0,1,0.0,-705.9221741439238,1
297,1,0,0,0,0,1,0,1,1,1,0,0,1,1,1,1,1,1,1,0.0,-705.6216228011341,1
298,1,1,1,0,1,0,1,1,0,1,1,0,1,1,1,1,1,0,0,0.0,-705.5198849978317,1
299,1,1,0,0,1,0,0,1,0,1,1,0,1,1,1,1,1,1,0,0.0,-704.6203195538067,1
300,1,0,1,1,1,1,0,1,1,1,0,0,1,1,1,1,0,0,1,0.0,-704.5382191932027,1
301,1,0,1,1,0,1,1,0,1,1,0,0,1,1,1,1,1,1,0,0.0,-703.8278035757914,1
302,1,0,0,1,1,1,1,0,0,1,0,1,1,1,1,1,0,1,1,0.0,-703.6917033439978,1
303,1,0,0,1,1,1,0,0,0,1,1,0,1,1,1,1,1,1,0,0.0,-703.67902042063,1
304,1,0,0,1,0,0,0,0,1,1,0,1,1,1,1,1,0,1,0,0.0,-703.6468588153766,1
305,1,0,0,1,1,1,0,1,1,1,0,1,1,1,1,1,0,0,1,0.0,-703.5965486108713,1
306,0,0,0,1,0,1,0,0,1,1,0,1,1,1,1,1,1,1,0,0.0,-703.4571083266474,1
307,1,0,0,1,1,0,0,0,1,1,0,0,1,1,1,1,0,0,1,0.0,-703.3050720349598,1
308,1,0,0,1,1,1,0,0,1,1,0,1,1,1,1,1,0,0,0,0.0,-703.1983202068104,2
309,1,0,0,0,1,0,0,1,0,1,0,0,1,1,1,1,1,1,0,0.0,-703.1450007050448,1
310,1,0,1,0,1,1,1,0,0,1,1,0,1,1,1,1,0,1,1,0.0,-702.9571980472166,1
311,1,0,0,1,1,0,0,0,1,1,0,0,1,1,1,1,0,1,0,0.0,-702.9341514815869,1
312,1,0,0,1,1,1,0,0,1,1,0,0,1,1,1,0,1,0,1,0.0,-701.8897419699417,2
313,1,0,0,0,1,0,1,1,1,1,1,1,1,1,1,1,0,0,1,0.0,-701.634098868229,1
314,1,0,1,1,1,0,0,0,0,1,0,0,0,1,1,1,1,1,1,0.0,-701.5672653925263,1
315,0,1,1,0,1,1,0,1,1,1,1,0,1,1,1,1,1,0,1,0.0,-701.2611278425426,1
316,1,0,0,1,1,1,0,1,0,1,0,1,1,1,1,1,1,1,0,0.0,-701.1140131649613,1
317,1,0,0,1,0,0,0,1,1,1,0,1,1,1,1,1,0,0,0,0.0,-701.0331860846663,1
318,0,0,1,1,0,1,0,0,1,1,1,0,1,1,1,1,1,1,1,0.0,-700.7983673179323,1
319,1,0,0,0,0,0,1,1,1,1,1,1,1,1,1,0,1,1,1,0.0,-700.667307411777,1
320,1,0,0,1,0,0,1,1,1,1,0,0,1,1,1,1,1,0,1,0.0,-700.3992120908994,1
321,1,0,1,0,1,1,0,0,0,1,1,0,1,1,1,1,1,0,0,0.0,-700.3522000174921,1
322,1,1,0,0,1,1,0,0,1,1,1,0,1,1,1,1,1,0,1,0.0,-699.773279214642,1
323,1,1,0,1,1,0,0,1,0,1,0,0,1,1,1,1,0,1,1,0.0,-699.7389707687756,1
324,1,0,0,1,0,1,0,0,1,1,0,1,0,1,1,1,1,1,0,0.0,-699.6993952181399,1
325,1,1,0,0,1,1,0,0,1,1,1,0,1,1,1,1,1,1,0,0.0,-699.4023586612691,1
326,1,0,0,0,0,0,0,1,1,1,1,1,1,1,1,1,0,0,0,0.0,-699.3570102055537,1
327,1,1,0,1,0,0,0,1,1,1,0,0,1,1,1,1,1,0,1,0.0,-699.3043209716108,1
328,0,0,0,0,1,1,1,1,0,1,1,0,1,1,1,1,1,1,1,0.0,-698.9479355202224,1
329,1,0,0,1,1,1,0,0,1,1,0,0,1,1,0,1,1,0,1,0.0,-698.3179603658801,1
330,1,0,0,1,1,0,0,1,0,1,0,0,1,1,1,1,1,0,0,0.0,-698.2088638583398,1
331,1,0,1,1,1,1,1,0,0,0,0,0,1,1,1,1,0,1,1,0.0,-698.0524297932308,1
332,1,0,0,0,1,1,1,1,1,1,1,0,1,1,1,1,1,0,0,0.0,-697.8835770498474,1
333,0,0,0,1,1,0,0,1,0,1,1,1,1,1,1,1,1,1,1,0.0,-697.7983030435727,1
334,1,0,1,1,0,1,1,0,1,1,0,1,1,1,1,1,1,0,1,0.0,-697.6250768783881,1
335,1,1,1,1,1,0,0,0,0,0,0,0,1,1,1,1,1,1,1,0.0,-697.0781679154592,1
336,1,0,0,1,0,1,1,0,1,0,0,1,1,1,1,1,1,0,1,0.0,-696.6761094137343,1
337,1,1,1,1,1,1,0,0,0,1,1,0,1,1,1,1,0,1,0,0.0,-696.55524952785,1
338,1,1,0,0,1,0,1,1,1,0,0,0,1,1,1,1,1,1,0,0.0,-696.5337806597483,1
339,1,1,0,0,1,0,1,1,1,1,1,0,1,1,1,1,1,0,0,0.0,-696.5024120670291,1
340,0,1,1,1,1,1,1,0,0,1,1,0,1,1,1,1,1,0,1,0.0,-696.420145728964,1
341,1,0,0,0,0,0,0,1,1,1,0,0,1,1,1,1,1,0,1,0.0,-696.1528262437363,1
342,1,0,0,0,0,0,1,1,1,1,0,1,1,1,1,1,1,0,0,0.0,-695.759800552057,1
343,1,0,0,1,1,1,1,1,1,1,1,0,1,1,1,1,1,1,0,0.0,-695.5484207845407,1
344,1,0,1,1,1,1,0,1,0,1,0,1,1,1,1,1,1,1,0,0.0,-695.4820364965167,1
345,1,0,1,1,1,1,0,0,0,1,0,1,1,1,1,1,1,0,0,0.0,-695.4747286458287,1
346,1,0,0,1,1,1,0,0,1,1,1,0,0,1,1,1,1,1,1,0.0,-695.3862762933037,1
347,1,0,0,1,1,1,0,0,1,1,0,1,1,1,1,0,1,0,1,0.0,-695.3360947191655,1
348,1,1,0,1,1,0,1,0,1,0,0,0,1,1,1,1,1,0,1,0.0,-694.5822370971263,1
349,1,1,0,1,1,0,1,1,1,1,0,1,1,1,1,1,1,1,1,0.0,-694.5568418301369,1
350,1,0,0,1,1,1,0,0,0,1,0,1,1,1,1,1,0,0,1,0.0,-694.5291806501297,1
351,1,1,0,1,1,1,1,1,1,0,0,0,1,1,1,1,0,1,1,0.0,-694.4689157062975,1
352,1,1,0,1,1,1,1,0,1,0,0,0,1,1,1,1,0,0,1,0.0,-694.4616078556093,1
353,1,0,0,0,1,0,1,0,1,1,1,0,1,1,1,1,1,1,1,0.0,-694.060354357931,1
354,1,0,0,1,0,0,0,0,1,1,0,0,1,1,1,1,1,0,1,0.0,-693.8303621277413,1
355,1,0,1,0,1,0,0,0,0,1,1,0,1,1,1,1,1,1,0,0.0,-693.5443840414925,1
356,1,0,0,1,0,0,0,0,1,1,0,0,1,1,1,1,1,1,0,0.0,-693.4594415743684,2
357,1,0,0,1,0,0,1,0,1,1,0,1,1,1,1,1,1,0,0,0.0,-693.4373364360622,1
358,1,0,0,0,1,0,1,1,1,1,1,1,1,1,1,0,1,1,1,0.0,-693.3809528272112,1
359,0,0,1,0,1,1,1,0,0,1,1,0,1,1,1,1,1,0,1,0.0,-693.3086510010895,1
360,1,0,0,1,0,0,0,1,1,1,0,1,1,1,1,0,1,0,1,0.0,-693.1809605970216,1
361,1,1,0,0,1,0,0,0,1,1,1,0,1,1,1,1,1,1,1,0.0,-692.9654632386424,1
362,1,0,0,1,0,0,0,1,1,1,0,1,1,1,1,0,1,1,0,0.0,-692.8100400436487,1
363,1,1,1,1,1,1,0,0,0,1,0,0,1,1,1,0,1,0,1,0.0,-692.6643561846247,1
364,1,0,0,1,1,0,0,1,1,1,0,0,1,1,1,0,1,0,1,0.0,-692.468253263232,2
365,0,0,0,0,1,1,1,1,0,1,1,1,1,1,1,1,1,1,1,0.0,-692.3742882694461,1
366,1,0,0,1,0,0,0,0,1,1,0,1,1,1,0,1,1,1,1,0.0,-692.2228517236703,1
367,1,0,1,1,1,0,1,1,0,1,0,0,1,1,1,1,0,0,0,0.0,-692.1999840848484,1
368,1,0,0,0,1,1,0,0,1,1,0,1,1,1,1,1,1,0,1,0.0,-691.7643131151041,1
369,1,1,0,1,1,0,1,1,1,0,0,0,1,1,1,1,1,0,0,0.0,-691.5976438130433,1
370,0,0,0,0,1,0,0,1,1,1,1,1,0,1,1,1,1,1,1,0.0,-691.43979462818,1
371,1,0,0,0,1,1,1,1,1,1,1,0,1,1,1,1,0,0,1,0.0,-691.3260523857037,1
372,1,0,0,1,1,0,0,1,0,1,0,0,1,1,1,1,0,1,0,0.0,-691.2804186408232,3
373,1,0,0,0,1,0,0,1,1,1,1,0,1,1,1,0,1,0,1,0.0,-690.7920773841194,1
374,1,0,0,1,1,1,1,0,0,1,0,0,1,1,1,1,1,0,0,0.0,-690.4923849682184,1
375,1,0,1,1,1,1,1,1,1,1,1,0,1,1,1,1,1,0,1,0.0,-690.267364669469,1
376,1,0,0,1,1,0,0,1,1,1,1,1,1,1,1,1,0,0,1,0.0,-690.1764199090541,1
377,1,0,0,0,1,0,0,1,0,1,0,1,1,1,1,1,0,1,1,0.0,-690.0438287901251,2
378,1,0,0,0,1,0,0,1,0,1,1,0,1,1,1,1,0,0,1,0.0,-689.9751633150835,1
379,1,0,0,1,1,0,0,1,1,1,0,0,0,1,1,1,1,0,1,0.0,-689.9361197310135,1
380,1,0,0,1,0,0,0,0,1,1,1,0,1,1,1,1,1,1,1,0.0,-689.8790299833219,1
381,1,0,1,1,1,1,1,0,0,1,0,0,1,1,0,1,1,1,0,0.0,-689.8165451464788,1
382,1,0,0,1,1,0,0,1,1,1,1,1,1,1,1,1,0,1,0,0.0,-689.8054993556811,1
383,1,0,0,1,0,0,0,1,1,1,0,1,1,1,0,1,1,0,1,0.0,-689.60917899296,1
384,1,0,0,0,0,1,0,1,1,1,0,1,1,1,1,1,0,0,1,0.0,-689.488549751443,1
385,1,0,0,1,0,0,0,1,1,1,0,1,1,1,0,1,1,1,0,0.0,-689.2382584395871,1
386,1,0,0,1,1,1,1,0,1,1,1,1,1,1,1,1,1,0,0,0.0,-688.9874656830764,1
387,1,0,1,1,1,1,0,1,0,1,1,0,1,1,1,1,0,0,1,0.0,-688.8858463573314,1
388,1,1,0,1,1,0,0,0,1,1,1,0,1,1,1,1,1,0,1,0.0,-688.0293263919374,1
389,1,0,0,0,0,0,0,1,1,1,1,1,1,1,0,1,1,0,1,0.0,-687.9330031138473,1
390,1,1,0,0,1,0,1,1,0,1,1,0,1,1,1,1,1,0,1,0.0,-687.8332725103484,1
391,1,0,0,1,1,0,0,0,0,1,0,1,1,1,1,1,0,1,1,0.0,-687.7213646741301,1
392,1,0,0,1,1,0,0,1,0,1,1,1,1,1,1,1,1,1,0,0.0,-687.6938844631441,1
393,1,1,1,1,1,0,0,1,0,0,0,0,1,1,1,1,0,1,1,0.0,-687.5360499672325,1
394,1,0,0,0,1,0,0,1,1,1,1,0,1,1,0,1,1,0,1,0.0,-687.2202957800579,1
395,0,0,0,1,1,0,0,1,1,1,0,1,1,1,1,1,1,0,1,0.0,-687.1401855887449,1
396,1,0,1,1,1,1,1,0,0,1,0,0,1,1,1,0,0,1,1,0.0,-686.8308020863967,1
397,0,0,1,1,1,1,0,0,0,1,1,0,1,1,0,1,1,1,1,0.0,-686.7871088886196,1
398,1,0,0,1,1,1,0,0,0,1,0,1,1,1,1,0,1,1,1,0.0,-686.2960346091119,1
399,1,0,0,0,1,1,0,1,0,1,0,0,1,1,1,1,1,1,0,0.0,-686.2933069717435,1
400,1,1,1,1,1,1,0,1,1,1,0,0,1,1,1,1,0,0,1,0.0,-686.2753604770832,1
401,1,0,0,1,1,0,0,0,1,1,0,1,0,1,1,1,1,1,1,0.0,-685.9961452109475,1
402,1,0,1,0,1,0,0,0,1,1,0,0,1,1,1,1,1,1,1,0.0,-685.8981677214362,1
403,1,0,0,1,0,1,1,0,1,1,0,1,1,1,1,0,1,0,1,0.0,-685.4544817069002,1
404,1,0,0,0,0,0,1,1,1,0,1,1,1,1,1,1,1,1,0,0.0,-685.2075242745389,1
405,1,0,0,1,1,0,0,1,0,1,0,1,1,1,1,1,0,0,1,0.0,-685.10769194342,1
406,1,0,0,1,0,1,0,0,0,1,0,1,1,1,1,1,1,0,1,0.0,-685.0544707429111,1
407,1,0,0,1,1,0,0,1,0,1,0,1,1,1,1,1,0,1,0,0.0,-684.7367713900471,2
408,1,0,0,0,1,0,0,1,1,1,1,1,1,0,1,1,1,1,1,0.0,-684.4959473860873,1
409,1,0,0,1,0,1,0,1,1,1,0,1,1,1,1,1,0,0,0,0.0,-684.181492351365,1
410,1,0,0,1,1,1,1,1,0,1,0,1,1,1,1,1,1,1,0,0.0,-683.9460455681303,1
411,1,0,0,1,1,0,0,1,1,1,0,1,0,1,1,1,1,0,1,0.0,-683.3824724802372,1
412,1,0,0,1,0,1,1,0,1,1,0,1,0,1,1,1,1,0,1,0.0,-682.9223481746816,1
413,1,0,0,1,0,0,1,0,1,1,1,1,1,1,1,1,0,1,1,0.0,-682.9084796274989,1
414,1,1,1,1,1,0,0,1,0,1,0,0,1,1,1,0,1,1,0,0.0,-682.8719469245422,1
415,1,0,0,0,1,1,1,1,0,1,1,1,1,1,1,1,1,0,1,0.0,-682.6407902423906,1
416,1,0,0,0,0,1,0,1,1,1,1,1,1,1,1,1,0,0,0,0.0,-682.5053164722524,1
417,1,1,0,1,0,1,0,1,1,1,0,0,1,1,1,1,1,0,1,0.0,-682.4326272383095,1
418,1,0,0,0,1,1,0,1,1,1,0,1,1,1,1,1,0,0,1,0.0,-682.2221951668772,1
419,1,0,1,1,1,0,0,1,0,1,1,1,1,1,1,1,1,1,0,0.0,-682.0619077946994,1
420,1,0,0,0,0,0,0,1,1,1,1,1,0,1,1,1,0,1,1,0.0,-682.0442059681737,1
421,1,0,0,0,1,0,1,1,1,1,0,1,1,1,1,1,0,0,1,0.0,-681.9359213033475,1
422,1,0,0,0,0,1,0,0,1,1,0,0,1,1,1,1,1,1,1,0.0,-681.914805241145,1
423,1,1,0,1,1,0,0,1,1,0,1,0,1,1,1,1,1,1,1,0.0,-681.4556901095269,1
424,1,0,1,1,1,0,1,1,0,1,0,0,0,1,1,1,1,1,0,0.0,-681.4347045116122,1
425,1,0,0,1,1,1,0,1,0,1,0,0,1,1,1,1,1,0,0,0.0,-681.3571701250385,1
426,0,0,0,1,1,1,0,0,1,1,1,0,1,1,1,0,1,1,1,0.0,-681.3414175618786,1
427,1,0,1,1,0,0,0,0,1,1,0,1,1,1,1,1,1,1,0,0.0,-681.3038176551477,1
428,0,0,0,1,1,1,0,0,0,1,1,1,1,1,1,1,1,0,1,0.0,-680.9093014595832,1
429,1,0,0,0,1,0,0,1,1,1,1,1,1,1,0,1,1,0,1,0.0,-680.6666485292816,1
430,1,0,0,1,0,0,1,1,1,0,0,1,1,1,1,1,0,1,1,0.0,-680.326175489508,1
431,1,0,1,0,1,0,1,1,0,1,1,0,0,1,1,1,1,0,1,0.0,-680.1294491858722,1
432,1,0,0,0,0,0,0,1,1,1,0,1,1,1,1,1,0,0,0,0.0,-679.6288326406725,2
433,1,1,1,1,1,0,1,0,0,1,1,0,1,1,1,1,1,1,0,0.0,-679.5079111725361,1
434,1,0,0,0,1,0,1,1,0,1,1,0,1,1,1,1,1,0,0,0.0,-679.3947203823961,1
435,1,1,1,1,1,0,0,1,0,1,1,0,1,1,1,0,1,1,1,0.0,-679.2515353334956,1
436,0,0,1,1,1,1,0,1,0,1,1,0,1,1,1,1,1,0,0,0.0,-678.8663787578316,1
437,1,0,1,1,1,1,1,1,0,1,0,1,1,1,1,1,1,0,1,0.0,-678.6749894530586,1
438,1,1,0,0,1,0,0,1,0,1,0,0,1,1,1,1,0,1,1,0.0,-678.3546173247815,1
439,1,0,0,0,1,0,0,0,1,1,1,1,1,1,1,1,1,0,1,0.0,-678.3441844132868,2
440,1,1,0,1,0,0,1,0,1,0,0,0,1,1,1,1,1,1,1,0.0,-678.1790819723914,1
441,1,0,0,1,0,1,0,0,0,1,0,1,1,1,1,1,0,1,1,0.0,-678.1260255253945,1
442,1,0,1,1,1,1,0,0,0,1,0,0,1,1,1,0,0,0,1,0.0,-677.6482793925286,1
443,1,0,0,1,1,0,1,1,0,1,1,0,1,1,1,1,1,0,1,0.0,-677.470484670462,1
444,1,0,0,1,1,1,0,0,0,1,1,0,1,1,1,1,1,0,0,0.0,-677.3585301299308,2
445,1,0,1,1,1,1,0,0,0,1,0,1,1,1,0,1,1,1,1,0.0,-677.1022763366058,1
446,1,0,1,0,0,0,0,1,1,1,0,1,1,1,1,1,0,1,1,0.0,-677.068757106999,1
447,1,0,0,1,1,1,1,0,0,1,0,1,1,1,1,1,0,1,0,0.0,-677.0102924999258,1
448,1,1,1,1,1,1,1,0,0,0,0,0,1,1,1,1,0,0,0,0.0,-676.78766994234,1
449,1,0,1,0,1,0,1,0,0,1,1,0,1,1,1,1,1,0,1,0.0,-676.7673369980345,1
450,0,1,1,1,1,1,1,0,0,1,0,0,1,1,1,1,1,0,1,0.0,-676.7319681640826,1
451,1,0,0,1,1,0,0,0,1,1,0,0,1,1,1,1,0,0,0,0.0,-676.5936611908878,1
452,1,1,1,1,1,0,0,1,1,1,0,0,1,1,1,1,0,0,0,0.0,-676.4756433663126,1
453,1,0,0,1,1,0,0,1,1,1,0,1,0,1,1,1,0,1,1,0.0,-676.4540272627206,1
454,1,1,0,1,1,0,0,1,0,1,1,0,1,1,1,1,1,0,1,0.0,-676.3755935511737,1
455,1,0,0,1,0,1,1,0,1,1,0,0,1,1,1,1,0,1,0,0.0,-676.2008447360204,1
456,1,0,0,1,0,1,0,0,1,1,0,1,1,1,1,0,1,0,0,0.0,-675.9010384596593,2
457,1,0,1,0,0,1,1,1,1,1,1,0,1,1,1,1,1,1,0,0.0,-675.8484452566677,1
458,1,0,0,0,1,1,0,0,0,1,1,0,1,1,1,1,0,1,1,0.0,-675.7371423124922,1
459,1,1,1,0,1,1,0,0,0,1,1,0,1,1,1,1,0,0,1,0.0,-675.5518166372289,1
460,1,0,1,1,1,1,1,1,0,1,0,0,1,1,1,1,0,0,0,0.0,-675.3382903515471,1
461,1,0,0,1,1,1,0,0,1,1,0,0,1,1,1,0,1,0,0,0.0,-675.1883311258697,1
462,1,0,0,1,1,1,0,1,0,1,0,1,1,1,1,1,1,0,0,0.0,-674.8035228742622,2
463,1,0,1,1,1,0,0,1,0,1,0,0,1,1,1,0,1,0,0,0.0,-674.7843153499626,2
464,1,0,0,0,1,0,0,1,1,1,1,1,0,1,1,1,0,1,1,0.0,-674.777851383608,1
465,1,0,1,1,1,1,0,0,0,1,0,0,0,1,1,1,0,1,0,0.0,-674.7452253069371,1
466,1,1,0,1,1,1,1,1,1,0,0,0,1,1,1,1,1,0,0,0.0,-674.725950079742,1
467,1,0,0,1,1,0,0,0,0,1,0,0,1,1,1,1,1,0,0,0.0,-674.482046298351,2
468,1,0,0,0,0,0,0,1,0,1,1,1,1,1,1,1,1,0,1,0.0,-673.9568061570886,1
469,1,0,0,1,0,1,0,1,1,1,0,1,0,1,1,1,1,0,1,0.0,-673.7871333315016,1
470,1,0,0,1,0,0,1,1,1,1,0,1,0,1,1,1,1,0,1,0.0,-673.500859467972,1
471,1,0,0,1,0,1,0,0,1,1,0,1,0,1,1,1,1,0,0,0.0,-673.3689049274408,1
472,1,0,0,0,1,1,0,1,0,1,1,1,1,1,1,1,1,0,0,0.0,-673.1273469951495,1
473,0,0,0,0,1,0,0,1,0,1,1,0,1,1,1,1,0,1,0,0.0,-672.9972504980669,1
474,0,1,1,0,1,0,0,1,0,1,1,0,1,1,1,1,0,0,0,0.0,-672.8319248228036,1
475,1,1,0,1,0,0,0,1,1,1,0,0,1,1,1,1,1,0,0,0.0,-672.6129101275387,1
476,0,0,1,1,1,1,0,1,0,1,1,0,1,1,1,1,0,0,1,0.0,-672.308854093688,1
477,1,1,0,0,1,0,1,1,1,0,1,0,1,1,0,1,1,1,1,0.0,-671.5490156247077,1
478,1,0,1,1,1,0,1,0,0,1,0,1,1,1,1,1,1,1,0,0.0,-671.5089450729981,1
479,1,0,1,1,1,0,0,1,0,1,0,0,1,1,0,1,1,0,0,0.0,-671.212533745901,1
480,1,0,1,1,0,1,1,0,1,1,0,1,1,1,1,1,1,0,0,0.0,-670.953666034316,1
481,0,0,1,0,1,1,0,1,0,1,1,1,1,1,1,1,0,1,1,0.0,-670.6813436896167,1
482,1,0,0,1,1,0,1,1,0,1,1,1,1,1,1,1,1,1,0,0.0,-670.5259168663131,1
483,0,0,0,1,0,0,1,1,1,1,1,1,1,1,1,1,1,0,0,0.0,-670.2753392972888,1
484,1,0,1,0,1,1,1,1,0,0,1,0,1,1,1,1,0,1,1,0.0,-670.083071474107,1
485,0,0,0,1,1,1,0,0,1,1,0,0,1,1,1,1,0,0,1,0.0,-669.8563860380151,1
486,1,0,0,1,0,1,0,0,1,1,1,1,0,1,1,1,1,0,1,0.0,-669.788493336394,1
487,1,0,0,1,0,0,0,0,1,1,0,1,1,1,1,0,1,0,1,0.0,-669.4641430370326,1
488,0,1,1,1,1,0,0,1,1,1,0,0,1,1,1,1,1,1,0,0.0,-669.4580769015838,1
489,1,0,0,0,1,0,1,1,0,0,1,1,1,1,1,1,1,1,1,0.0,-669.2620301332926,1
490,1,0,0,0,0,0,0,1,1,1,0,1,0,1,1,1,1,0,1,0.0,-669.2544736208091,1
491,1,0,0,1,0,0,1,1,1,1,0,1,1,1,1,0,0,1,1,0.0,-669.104547782674,1
492,0,0,0,0,0,0,0,0,1,1,1,1,1,1,1,1,1,0,1,0.0,-669.013546734209,1
493,1,0,0,1,0,1,0,0,1,1,0,1,1,1,1,0,0,1,0,0.0,-668.9725932421427,1
494,1,1,0,1,0,1,0,0,1,1,0,1,1,1,1,1,0,0,1,0.0,-668.9232269193286,1
495,1,1,1,1,1,0,1,0,0,1,0,0,1,1,1,0,1,1,1,0.0,-668.6985726117941,1
496,1,0,0,0,0,1,0,0,1,1,1,0,1,1,1,1,0,1,1,0.0,-668.3740472978108,1
497,1,0,0,0,0,1,1,0,1,1,1,1,1,1,1,1,0,1,0,0.0,-667.9710216061314,1
498,0,0,0,1,1,1,0,1,0,1,0,0,1,1,1,1,1,1,1,0.0,-667.7920789961662,1
499,1,0,1,1,1,1,0,1,1,1,0,0,0,1,1,1,1,0,1,0.0,-667.4524493292673,1
500,1,0,1,1,1,1,0,0,1,1,0,0,0,1,1,1,1,0,0,0.0,-667.0542209252064,1
501,1,0,1,1,1,0,0,0,1,1,1,0,1,1,1,1,0,1,0,0.0,-667.0503523780237,1
502,1,0,0,1,0,1,0,0,1,1,0,1,0,1,1,1,0,0,1,0.0,-666.8113802632971,1
503,0,1,0,0,0,1,1,1,1,0,1,0,1,1,1,1,1,1,1,0.0,-666.7510376563226,1
504,1,0,0,0,1,0,1,1,1,1,1,0,1,1,1,0,0,1,1,0.0,-666.7156645697717,1
505,1,0,0,0,1,1,0,1,0,1,1,1,1,1,1,1,0,0,1,0.0,-666.5698223310059,1
506,0,0,0,0,1,0,0,1,0,1,1,1,1,1,1,1,0,1,0,0.0,-666.4636032472908,1
507,1,1,1,1,1,1,0,0,0,1,0,0,1,0,1,1,1,1,0,0.0,-666.2404625932968,1
508,0,0,0,0,1,1,1,1,0,1,1,1,1,1,1,1,1,0,1,0.0,-666.0737979787469,1
509,0,0,0,0,0,1,0,1,1,1,1,1,1,1,1,1,0,0,0,0.0,-665.9083242086087,1
510,1,1,0,1,1,1,1,0,0,1,0,0,1,1,1,1,0,0,1,0.0,-665.6920015879551,1
511,1,0,1,0,1,1,0,1,1,1,1,0,0,1,1,1,1,1,0,0.0,-665.4053528967818,1
512,1,0,0,0,0,1,0,1,1,1,1,1,0,1,1,1,0,1,1,0.0,-665.1825122348724,1
513,1,0,0,1,1,0,0,1,0,1,0,0,1,1,1,1,0,0,0,0.0,-664.9399283501241,1
514,1,1,0,1,0,1,1,1,1,1,0,0,1,1,1,1,1,1,0,0.0,-664.8937390881053,1
515,1,0,0,1,1,0,0,0,1,1,1,0,1,1,1,0,1,1,1,0.0,-664.8001035588235,1
516,1,1,1,0,1,1,1,1,0,0,1,0,0,1,1,1,1,1,1,0.0,-664.7244428940519,1
517,1,0,0,0,1,0,1,1,0,1,1,0,1,1,1,0,1,1,1,0.0,-664.6040496772347,1
518,1,1,0,0,1,1,1,1,0,0,1,0,1,1,1,1,1,1,0,0.0,-664.0097140905757,1
519,1,0,1,1,0,0,0,1,1,1,0,1,1,1,1,0,1,1,1,0.0,-663.889474219276,1
520,1,0,0,0,1,1,0,1,1,1,1,1,1,1,0,1,1,0,1,0.0,-663.7949547959803,1
521,0,0,0,1,0,0,1,1,1,1,1,1,1,1,1,1,0,0,1,0.0,-663.7178146331452,1
522,1,0,0,0,1,0,0,1,0,1,0,1,1,1,1,1,0,0,1,0.0,-663.713338499426,1
523,0,0,0,1,1,1,1,0,0,1,1,0,1,1,1,1,0,1,1,0.0,-663.3865358960117,1
524,1,0,0,1,0,1,1,0,1,0,0,1,1,1,1,1,0,1,0,0.0,-663.0562533521456,1
525,1,0,1,1,1,1,0,1,1,1,0,0,1,1,1,0,0,1,1,0.0,-663.0561376439694,1
526,1,1,1,1,1,1,0,1,1,0,0,0,1,1,1,1,1,0,1,0.0,-662.9433518522004,1
527,1,0,0,0,1,0,0,1,1,1,0,1,0,1,1,1,1,0,1,0.0,-661.9981190362433,1
528,1,1,1,1,0,1,0,0,1,1,0,0,1,1,1,0,1,1,1,0.0,-661.6217514606424,1
529,1,1,0,1,1,0,1,1,1,0,0,1,1,1,1,1,1,1,0,0.0,-661.3444868529662,1
530,0,0,0,1,1,1,0,1,0,1,1,0,1,1,1,1,1,0,1,0.0,-661.1797662703483,1
531,1,0,1,1,1,1,1,0,0,1,1,0,0,1,1,1,1,0,1,0.0,-660.9352913365761,1
532,1,0,1,1,1,1,1,1,0,1,0,0,1,1,1,0,0,1,1,0.0,-660.5376196463857,1
533,1,0,0,1,0,0,0,1,1,1,1,1,0,1,1,1,1,0,1,0.0,-660.3670046296844,1
534,1,0,1,1,0,1,1,0,1,1,0,0,0,1,1,1,1,1,1,0.0,-660.1845090477123,1
535,1,0,1,1,1,1,1,0,1,0,1,0,1,1,1,1,1,0,1,0.0,-660.0396029763814,1
536,1,0,0,0,1,1,0,1,0,1,0,0,1,1,1,1,1,0,0,0.0,-659.9628166810444,1
537,1,0,0,1,1,0,0,1,1,1,1,0,0,1,1,1,1,1,0,0.0,-659.2833767425218,1
538,1,0,1,1,1,0,0,0,1,1,0,0,1,1,0,1,1,1,0,0.0,-659.2067568773639,1
539,1,0,0,1,0,1,0,1,0,1,0,1,1,1,1,1,1,0,1,0.0,-658.7712883029,1
540,1,0,0,1,0,1,1,0,1,1,0,1,1,1,1,0,1,0,0,0.0,-658.7630708628282,1
541,1,0,0,1,1,1,0,0,1,1,0,1,1,1,0,1,0,0,1,0.0,-658.5153776068884,1
542,1,1,1,1,1,1,0,0,0,1,1,0,1,1,0,1,1,1,0,0.0,-658.4298315920717,1
543,1,0,0,1,0,0,1,1,0,1,0,1,1,1,1,1,1,1,0,0.0,-658.1140938859974,1
544,1,0,1,1,0,1,0,1,1,1,1,1,1,1,1,1,1,1,0,0.0,-657.8071190467165,1
545,1,0,1,1,1,0,1,1,0,1,0,0,1,1,1,0,1,0,0,0.0,-657.6463477531315,1
546,1,0,0,0,0,0,1,1,1,1,1,0,1,1,1,0,1,1,1,0.0,-657.2409546625531,1
547,1,1,0,0,1,0,0,1,1,0,0,0,1,1,1,1,0,1,1,0.0,-657.1342235924357,1
548,1,1,1,1,1,1,1,1,0,1,0,0,1,1,1,1,0,0,0,0.0,-657.0854316354275,1
549,0,0,1,0,1,1,1,1,0,1,1,0,1,1,1,1,0,0,0,0.0,-657.0751222087908,1
550,0,1,0,0,0,0,1,1,1,1,1,0,1,1,1,1,0,1,1,0.0,-656.9647400145069,1
551,1,0,1,1,1,0,1,0,0,1,0,0,1,1,0,1,1,1,0,0.0,-656.6882388797801,1
552,1,0,0,1,1,1,1,0,0,0,1,0,1,1,1,1,1,1,1,0.0,-656.6315195347723,1
553,1,0,0,0,0,0,1,1,0,1,1,1,1,1,1,1,1,1,0,0.0,-656.4379180068847,1
554,1,0,0,1,0,1,1,1,1,1,0,1,0,1,1,1,1,1,0,0.0,-656.2582451812978,1
555,1,1,0,1,1,0,1,1,0,0,0,0,1,1,1,1,1,0,0,0.0,-656.2370934122905,1
556,1,0,0,1,1,1,1,0,1,0,0,1,1,1,1,1,0,0,1,0.0,-656.1608193209528,1
557,1,0,0,1,1,0,0,0,0,1,0,0,1,1,0,1,1,1,1,0.0,-656.139593989128,1
558,1,1,0,1,1,1,0,0,0,1,0,0,1,1,1,1,0,0,0,0.0,-656.1385583407141,1
559,1,0,0,1,1,1,1,1,1,1,0,0,0,1,1,1,1,0,1,0.0,-655.916458400881,1
560,1,0,1,1,1,0,0,1,0,1,1,1,1,1,1,1,1,0,0,0.0,-655.7614175040003,1
561,0,0,1,1,1,1,0,0,0,1,0,1,1,1,1,1,1,0,1,0.0,-655.5891472262571,1
562,0,1,0,0,1,0,0,1,0,1,1,0,1,1,1,1,0,0,1,0.0,-655.1453123353202,1
563,1,0,0,1,1,0,0,1,0,1,1,1,1,1,1,1,0,0,1,0.0,-654.8258695083013,2
564,1,1,0,1,1,0,0,0,1,0,0,0,1,1,1,1,0,1,1,0.0,-654.8117594764409,1
565,0,0,1,1,0,1,0,0,1,1,0,0,1,1,1,1,1,0,1,0.0,-654.7796994623517,1
566,0,0,1,1,1,0,0,0,0,1,1,0,0,1,1,1,1,1,1,0.0,-654.698450693764,1
567,1,0,0,0,1,0,1,1,0,1,1,1,1,1,0,1,1,1,1,0.0,-654.4686208223969,1
568,1,0,1,1,1,0,1,0,1,1,0,0,1,1,1,1,0,0,0,0.0,-653.8637169256122,1
569,1,0,0,1,1,1,0,0,0,1,0,1,1,1,1,0,0,1,1,0.0,-653.0470991008962,1
570,1,0,0,0,1,1,0,1,0,1,0,0,1,1,1,1,0,1,0,0.0,-653.0343714635278,1
571,1,1,0,1,1,1,1,0,1,0,0,0,1,1,1,0,0,1,1,0.0,-652.9795263063759,1
572,1,0,0,0,1,0,0,1,0,1,0,1,0,1,1,1,1,1,1,0.0,-652.9580589261897,2
573,1,0,0,1,1,0,0,0,1,1,0,1,0,1,1,1,0,1,1,0.0,-652.7472097027318,1
574,0,0,0,0,1,0,0,0,0,1,1,1,1,1,1,1,1,1,1,0.0,-652.7171320395895,1
575,1,0,0,0,0,0,1,1,1,1,0,0,1,1,1,1,1,0,0,0.0,-652.3134478028333,1
576,1,0,0,1,0,1,0,0,1,1,0,0,1,1,1,0,0,1,1,0.0,-652.2276513369909,2
577,0,0,0,0,1,1,1,1,1,0,1,0,1,1,1,1,1,0,1,0.0,-651.4170514971773,1
578,1,0,1,1,1,0,0,0,0,1,0,0,1,1,1,0,1,0,0,0.0,-651.0574977899737,1
579,1,1,0,1,1,1,0,0,1,0,0,0,0,1,1,1,1,1,1,0.0,-650.8542958792041,1
580,1,1,0,1,1,1,0,0,1,1,1,0,0,1,1,1,1,0,1,0.0,-650.822927286485,1
581,1,0,0,1,1,1,1,0,0,1,0,1,1,1,1,1,0,0,0,0.0,-650.6898022092266,1
582,1,0,0,1,0,1,0,1,1,1,0,1,1,0,1,1,1,0,1,0.0,-650.2662938257653,1
583,0,1,0,0,1,1,1,1,1,0,1,0,1,1,1,1,0,0,1,0.0,-649.915257272842,1
584,1,0,0,0,0,0,1,1,0,1,1,1,1,1,1,1,0,1,1,0.0,-649.8803933427411,1
585,1,1,0,1,1,0,1,1,0,0,0,0,1,1,1,1,0,0,1,0.0,-649.6795687481468,1
586,1,1,1,1,1,0,0,1,1,0,1,0,1,1,1,1,1,0,1,0.0,-649.5232231503832,1
587,1,0,0,1,0,0,1,1,1,1,0,1,1,1,1,0,1,0,0,0.0,-649.3415821561185,1
588,1,0,0,1,0,1,1,0,1,1,0,1,0,1,1,1,0,1,0,0.0,-649.302492113093,1
589,1,0,0,1,1,1,1,0,0,1,0,0,1,1,1,0,1,1,0,0.0,-649.010303418985,1
590,1,0,0,1,1,1,1,1,1,1,0,0,0,1,1,1,0,1,1,0.0,-648.9880131833644,1
591,1,1,1,0,1,1,0,0,0,1,1,0,1,1,1,1,0,0,0,0.0,-648.8604057931568,1
592,1,0,1,1,1,1,1,0,0,0,0,1,1,1,1,1,1,0,1,0.0,-648.4272277599711,1
593,1,1,0,0,1,0,0,1,0,0,1,0,1,1,1,1,1,0,1,0.0,-648.4102959740809,1
594,1,1,0,1,1,1,1,0,0,0,0,0,0,1,1,1,1,1,1,0.0,-648.3357778816203,1
595,1,0,1,1,1,1,1,0,0,0,0,1,1,1,1,1,1,1,0,0.0,-648.0563072065981,1
596,1,1,1,0,1,1,1,0,0,1,1,0,0,1,1,1,1,1,1,0.0,-647.6085694671615,1
597,1,0,1,1,1,0,0,0,0,1,1,0,1,1,1,0,1,0,1,0.0,-647.497086198927,1
598,0,1,0,0,1,1,0,0,0,1,1,0,1,1,1,1,1,1,0,0.0,-647.4648159968729,1
599,0,1,1,0,1,1,1,1,0,0,1,0,1,1,0,1,1,1,1,0.0,-647.1178025585654,1
600,1,1,0,0,1,1,1,0,0,1,1,0,1,1,1,1,1,1,0,0.0,-646.8938406636853,1
601,0,0,1,0,1,0,0,1,1,1,1,1,1,1,1,1,0,0,1,0.0,-646.6030975329717,1
602,1,1,0,0,1,1,1,1,1,0,0,0,1,1,1,1,0,1,0,0.0,-646.4231514182313,1
603,1,0,0,1,1,0,1,1,1,1,1,1,1,1,1,1,0,0,0,0.0,-646.3370414681508,1
604,1,0,0,1,0,1,1,0,1,1,1,0,1,1,1,1,0,0,1,0.0,-646.2899428542745,1
605,1,0,1,1,1,0,1,0,1,1,0,0,1,1,1,0,1,0,1,0.0,-646.0014914379673,1
606,1,0,0,0,0,0,1,1,1,1,0,0,1,1,1,1,0,1,0,0.0,-645.3850025853167,1
607,1,0,1,1,1,1,0,0,0,1,1,0,0,1,1,1,0,0,1,0.0,-644.8443234251914,1
608,0,1,0,1,1,0,0,0,1,1,1,0,1,1,1,1,1,0,0,0.0,-644.7609232842217,1
609,0,0,1,1,1,1,0,0,0,1,0,0,1,0,1,1,1,1,1,0.0,-644.5977398898448,1
610,1,0,0,0,1,1,1,0,1,0,1,0,1,1,1,1,1,1,0,0.0,-643.926305647459,1
611,1,0,0,0,1,1,0,1,0,1,0,0,0,1,1,1,1,1,1,0.0,-642.6500124436644,1
612,1,1,1,1,1,0,1,0,0,1,0,0,1,1,1,0,1,0,1,0.0,-642.388082321095,1
613,1,0,1,0,1,1,0,0,1,1,1,0,0,1,1,1,1,0,1,0.0,-642.0794558901658,1
614,1,0,0,1,1,0,1,1,1,1,0,0,1,1,1,0,0,0,1,0.0,-642.0713501581852,1
615,0,1,1,0,1,1,1,0,0,0,1,0,1,1,1,1,1,0,0,0.0,-641.7834373077992,1
616,1,0,0,1,1,0,1,1,1,1,0,0,1,1,1,0,0,1,0,0.0,-641.7004296048123,1
617,1,0,0,1,0,1,0,0,0,1,0,0,1,1,1,1,1,0,1,0.0,-641.6081179936874,1
618,1,0,0,1,1,0,1,0,1,1,0,1,1,1,0,1,1,0,1,0.0,-641.4880392515744,1
619,1,0,0,1,0,1,1,1,0,1,0,1,1,1,1,1,1,1,0,0.0,-641.2424001526961,1
620,0,1,0,0,0,0,0,1,1,1,1,1,1,1,1,1,0,1,0,0.0,-640.8676495164896,1
621,1,1,0,1,1,0,0,1,1,1,0,0,1,1,1,0,0,1,0,0.0,-640.6055384855238,1
622,1,1,0,1,0,1,0,0,1,1,0,0,1,1,1,0,1,1,0,0.0,-640.552317285015,1
623,1,0,0,0,0,1,0,0,1,1,1,1,1,1,0,1,0,1,1,0.0,-640.4360466030404,1
624,1,0,0,1,0,0,0,1,1,1,0,0,0,1,1,1,0,1,1,0.0,-640.2740290980627,1
625,0,0,0,0,1,1,1,1,1,1,1,0,1,1,1,0,1,0,1,0.0,-640.1954237903433,1
626,1,1,0,1,1,1,1,0,1,1,0,0,1,1,1,0,1,0,0,0.0,-639.807504812919,1
627,1,0,0,0,1,1,0,0,1,1,1,0,1,1,0,1,0,1,1,0.0,-639.7233392692509,1
628,1,1,1,1,1,0,1,0,0,0,1,0,1,1,1,1,0,1,0,0.0,-639.6980315312217,1
629,1,0,1,0,0,1,1,0,1,1,1,1,1,1,1,1,0,1,1,0.0,-639.0304557817589,1
630,1,0,0,1,1,1,1,0,0,1,0,1,1,1,0,1,1,1,0,0.0,-638.8848745641474,1
631,1,1,0,1,0,1,0,0,1,1,1,1,1,1,1,1,0,0,1,0.0,-638.6314044842098,1
632,1,0,0,1,0,0,0,1,0,1,1,1,1,1,1,1,0,1,1,0.0,-638.4227143835661,1
633,1,0,0,1,0,1,1,0,1,1,1,0,1,1,1,0,1,1,1,0.0,-638.0467968132568,1
634,1,0,0,0,0,1,0,1,1,1,1,1,1,1,0,1,0,0,1,0.0,-637.8223738723303,1
635,1,0,0,1,1,0,0,0,0,1,1,0,1,1,1,1,0,0,1,0.0,-637.6626991990885,1
636,0,0,0,1,0,0,0,1,1,1,1,0,1,1,1,1,0,1,0,0.0,-637.0485089273795,1
637,1,0,1,1,1,1,1,1,0,1,1,0,1,1,1,0,1,1,0,0.0,-636.7933218754107,1
638,1,0,0,1,0,1,0,0,1,1,1,0,1,1,1,1,0,0,0,0.0,-636.7364996070337,1
639,0,0,0,1,1,1,1,0,0,1,1,0,1,1,1,1,0,1,0,0.0,-636.6951250519396,1
640,1,0,1,0,0,1,0,0,1,1,1,1,1,1,1,1,1,0,0,0.0,-636.4454577520344,1
641,1,0,0,1,1,0,1,0,0,1,0,1,1,1,1,0,1,1,1,0.0,-636.0197607455822,1
642,1,1,0,0,1,1,1,1,1,0,0,0,0,1,1,1,1,1,1,0.0,-636.0187923983679,1
643,1,0,0,1,1,0,0,0,1,1,0,1,1,1,1,0,1,0,0,0.0,-635.5063776083948,1
644,1,0,0,0,1,0,1,1,0,1,1,0,0,1,1,1,1,1,0,0.0,-635.380505300944,1
645,1,0,0,1,1,1,0,1,1,1,1,1,1,1,0,1,1,0,1,0.0,-635.1693082399742,1
646,1,1,1,0,1,0,0,1,0,1,0,0,1,1,1,0,1,0,0,0.0,-635.157103189849,1
647,1,0,0,1,1,0,0,0,1,1,0,0,1,1,1,0,0,1,0,0.0,-635.1115796416544,1
648,1,0,0,1,1,0,0,0,1,1,1,0,1,1,0,1,1,0,1,0.0,-634.9078316640629,1
649,0,0,0,0,1,0,0,1,1,1,1,1,1,0,1,1,0,1,1,0.0,-634.670019614228,1
650,1,1,0,1,0,1,1,1,1,1,1,0,1,1,1,1,1,1,0,0.0,-634.5819166529867,1
651,1,0,0,1,1,1,0,1,0,1,0,1,1,1,1,0,1,0,1,0.0,-633.6923618784017,1
652,0,0,0,0,0,0,1,1,0,1,1,1,1,1,1,1,0,1,1,0.0,-633.2934010790974,1
653,1,0,0,1,1,1,0,0,0,1,0,1,1,1,1,0,1,0,0,0.0,-633.2741334743407,1
654,1,0,0,1,1,1,1,0,1,1,0,1,1,1,0,0,1,1,1,0.0,-633.1242639690395,1
655,1,1,0,1,0,0,0,1,1,1,0,1,1,1,1,1,0,0,0,0.0,-632.8103273685467,1
656,1,1,0,0,0,0,1,1,1,1,1,1,1,1,1,0,1,1,1,0.0,-632.4144486956574,1
657,1,0,0,0,1,0,1,0,0,1,1,0,1,1,1,1,1,0,1,0.0,-632.3893136664791,1
658,1,0,0,1,0,1,0,1,1,1,0,1,0,1,1,0,1,1,1,0.0,-632.3050517822683,1
659,1,0,0,1,1,0,0,0,1,1,0,1,1,1,0,1,1,0,0,0.0,-631.9345960043333,1
660,1,0,0,1,1,0,0,0,1,1,1,0,1,1,1,0,0,1,1,0.0,-631.5511680506078,1
661,1,0,0,1,1,1,0,0,1,1,1,1,1,1,1,0,0,1,0,0.0,-631.4344162224583,1
662,1,0,0,0,0,1,1,0,1,1,1,1,0,1,1,1,1,0,1,0.0,-631.2561722955688,1
663,1,0,0,1,0,0,1,1,1,1,0,1,1,1,0,0,1,1,1,0.0,-630.9791298468956,1
664,1,1,0,0,1,1,0,0,0,1,1,0,1,1,1,1,0,1,0,0.0,-630.8028727523006,1
665,1,0,0,1,0,0,0,0,1,0,0,1,1,1,1,1,1,0,1,0.0,-630.6957707438667,1
666,1,0,1,0,1,1,0,0,0,1,0,0,0,1,1,1,0,1,1,0.0,-630.0622827070151,1
667,1,0,0,1,1,1,0,0,1,0,0,0,1,1,1,1,0,0,1,0.0,-629.8624341685601,1
668,0,0,0,0,1,0,0,1,0,1,1,1,0,1,1,1,1,0,1,0.0,-629.7487539367282,1
669,1,1,0,0,1,1,0,1,1,1,1,0,1,0,1,1,1,0,1,0.0,-629.6245518967432,1
670,0,0,0,1,1,0,0,1,1,1,1,1,0,1,1,1,0,1,1,0.0,-629.5852125639584,1
671,1,0,0,0,1,1,1,0,1,1,1,0,1,1,0,1,1,0,1,0.0,-629.5038168899363,1
672,1,0,1,1,0,0,1,1,0,0,0,0,1,1,1,1,1,1,1,0.0,-629.1662311793024,1
673,1,1,1,1,1,1,0,0,0,1,1,0,1,1,1,0,0,0,1,0.0,-629.1335982412903,1
674,1,0,0,1,1,0,0,1,1,1,1,1,1,1,1,0,1,0,0,0.0,-628.9413727332651,1
675,1,0,0,1,1,0,0,1,1,1,1,0,1,1,1,0,0,0,1,0.0,-628.9374953198976,1
676,1,0,1,0,1,0,1,0,1,1,1,0,1,1,1,1,0,1,0,0.0,-628.5180313371986,1
677,1,0,0,1,0,1,0,1,0,1,1,1,1,1,1,1,1,0,1,0.0,-628.4794658677813,1
678,0,0,0,1,1,0,0,0,0,1,0,1,1,1,1,1,1,0,1,0.0,-628.0628176280032,1
679,0,0,0,1,1,0,0,0,0,1,1,0,1,1,1,1,1,0,0,0.0,-627.6132315995887,1
680,0,0,0,0,1,1,1,0,1,0,1,0,1,1,1,1,1,1,0,0.0,-627.3393133838154,1
681,1,0,0,1,1,1,1,0,0,0,0,0,1,1,1,1,0,1,0,0.0,-626.9729956176034,1
682,1,0,0,1,0,1,0,0,1,1,1,0,0,1,1,1,1,0,1,0.0,-626.3521405871702,1
683,1,0,1,1,0,0,1,1,0,1,0,1,1,1,1,1,1,0,0,0.0,-626.1816269268536,1
684,1,1,1,1,1,0,0,0,0,1,0,0,1,1,1,0,0,1,0,0.0,-625.9061938563375,1
685,1,0,0,0,1,1,1,0,0,1,1,1,1,1,1,1,0,0,1,0.0,-625.7150371741858,1
686,0,0,0,1,1,0,0,1,1,1,0,0,1,1,1,0,1,1,0,0.0,-625.5103404462155,1
687,0,0,1,0,1,1,0,1,1,1,1,0,1,1,1,0,1,0,0,0.0,-625.0400038746577,1
688,1,1,0,1,0,0,0,1,1,1,0,1,1,1,1,0,1,0,1,0.0,-624.948101880902,1
689,1,0,0,0,1,0,1,1,1,1,0,0,0,1,1,1,1,0,0,0.0,-624.7023878461164,1
690,1,1,0,0,1,0,1,1,0,0,1,1,1,1,1,1,1,0,1,0.0,-624.6986811264736,1
691,0,1,0,0,0,0,0,1,1,0,1,0,1,1,1,1,1,0,1,0.0,-624.4502086957558,1
692,1,1,0,1,1,1,1,0,1,0,0,0,0,1,1,1,0,0,1,0.0,-624.1269024834581,1
693,1,1,0,1,1,0,1,1,1,1,0,0,1,0,1,1,0,1,1,0.0,-624.0860086948096,1
694,1,0,0,1,1,0,0,1,0,1,0,1,1,1,1,0,1,0,0,0.0,-623.8526447676311,1
695,1,1,0,0,1,0,0,1,1,0,1,0,1,1,1,1,0,0,0,0.0,-623.820500022546,1
696,1,0,0,1,1,1,0,0,0,0,1,0,1,1,1,1,1,1,1,0.0,-623.7994871316033,1
697,1,0,0,1,0,0,0,1,1,0,1,1,1,1,1,1,1,1,0,0.0,-623.7598453153639,1
698,1,1,1,1,1,0,1,1,0,0,0,0,0,1,1,1,0,0,1,0.0,-623.7228867075511,1
699,1,0,0,1,1,0,0,1,1,1,0,1,0,1,1,1,0,0,0,0.0,-623.4321261279495,1
700,1,0,1,1,1,0,1,0,0,1,0,0,1,1,0,1,0,1,0,0.0,-623.4293033715644,1
701,1,0,0,1,0,0,0,1,1,1,0,1,0,1,1,0,1,1,0,0.0,-622.4653346714975,1
702,1,1,1,1,0,0,1,0,1,1,1,0,1,1,1,1,1,1,0,0.0,-622.1548161578544,1
703,1,1,0,0,1,0,1,1,1,0,1,0,1,1,1,0,1,0,0,0.0,-622.118896093998,1
704,1,1,0,1,1,0,0,1,1,0,1,0,1,1,1,1,0,1,0,0.0,-621.5453437572392,1
705,1,1,0,1,1,1,1,0,1,1,0,0,1,1,0,0,1,1,1,0.0,-621.435052503696,1
706,0,0,0,0,1,0,0,1,1,1,1,0,1,0,1,1,1,0,0,0.0,-621.4307012384486,1
707,1,0,0,1,1,0,0,1,0,1,0,1,0,1,1,1,1,0,0,0.0,-621.3205112354126,2
708,1,0,0,1,1,1,1,0,1,1,1,1,1,1,1,0,1,0,0,0.0,-621.2048938431437,1
709,1,0,1,1,1,1,0,1,0,1,1,0,1,1,1,0,0,0,1,0.0,-621.0932745173989,1
710,1,0,0,0,1,1,1,1,0,1,1,0,1,1,1,0,1,1,0,0.0,-621.0509450998612,1
711,0,0,0,1,0,1,1,0,0,1,1,1,1,1,1,1,1,0,1,0.0,-621.0376884473178,1
712,1,1,1,1,0,1,1,0,0,1,1,0,1,1,1,1,1,1,0,0.0,-619.9225720238004,1
713,1,1,0,1,1,0,1,1,1,0,1,0,1,1,1,0,1,1,0,0.0,-619.8237398286911,1
714,1,1,0,1,1,0,0,1,0,0,1,0,1,1,1,1,1,0,1,0.0,-619.804649418075,1
715,1,1,0,1,1,0,0,0,0,1,1,0,1,1,1,1,0,0,1,0.0,-619.4298404829689,1
716,0,1,0,0,1,0,1,0,1,0,1,0,1,1,1,1,0,1,1,0.0,-619.4006237368535,1
717,1,1,0,0,1,0,1,1,1,0,1,1,1,1,1,0,1,1,1,0.0,-618.557149977993,1
718,1,1,1,1,1,1,1,0,1,0,0,0,0,1,1,1,0,0,1,0.0,-618.5149258150135,1
719,1,1,0,1,1,1,0,1,0,1,0,0,1,1,0,1,1,0,1,0.0,-618.4313688089968,1
720,0,0,0,1,1,0,1,1,1,1,1,1,1,1,0,1,1,0,1,0.0,-618.316042112801,1
721,1,1,0,1,1,1,0,1,0,1,1,0,1,1,1,0,1,1,1,0.0,-618.0118182686388,1
722,1,0,0,1,1,1,0,0,1,1,1,1,0,1,0,1,1,1,1,0.0,-617.4582755985333,1
723,1,0,0,0,1,1,0,0,1,1,1,0,1,1,1,0,0,0,1,0.0,-616.9646305826133,1
724,1,0,0,1,1,1,1,0,0,1,0,1,1,0,1,1,1,0,1,0.0,-616.7746036836267,1
725,1,0,1,1,0,0,0,1,0,1,0,0,1,1,1,1,0,0,0,0.0,-616.6043062662452,1
726,1,0,1,0,0,0,0,0,1,1,0,0,1,1,1,1,1,1,0,0.0,-616.4731114619298,1
727,1,0,1,0,1,1,0,1,0,1,1,1,1,1,0,1,0,1,1,0.0,-615.8939825092663,1
728,1,1,0,1,1,0,0,1,1,0,0,0,0,1,1,1,1,1,0,0.0,-614.7413963284223,1
729,1,0,1,1,1,1,1,1,0,1,0,0,1,0,1,1,1,0,0,0.0,-614.7316809818751,1
730,1,0,0,0,1,1,0,0,1,1,1,0,0,1,1,1,0,0,1,0.0,-614.4324970503948,1
731,1,0,0,1,1,0,1,0,0,1,1,1,1,1,1,1,0,1,0,0.0,-613.6001637981083,1
732,1,0,0,1,1,0,1,0,0,1,0,0,0,1,1,1,1,1,0,0.0,-613.3398636200677,1
733,1,0,0,1,0,0,1,0,1,1,1,0,1,1,1,1,0,0,1,0.0,-613.161636587576,1
734,1,1,1,1,1,1,1,0,0,1,0,0,0,1,1,1,0,0,0,0.0,-613.0439087032873,1
735,1,1,1,1,0,1,0,0,1,0,0,0,1,1,1,1,0,1,0,0.0,-612.9130328151887,1
736,0,1,1,1,1,1,0,0,0,1,1,0,1,0,1,1,0,1,1,0.0,-612.8141232303908,1
737,1,0,0,1,0,1,1,0,1,1,0,0,0,1,1,1,1,0,0,0.0,-612.7845845813858,1
738,1,0,0,1,0,0,1,1,1,1,1,1,1,0,1,1,0,1,1,0.0,-612.7597523096002,1
739,0,1,1,1,1,1,0,0,0,1,1,0,1,1,1,0,0,0,1,0.0,-612.5466059776468,1
740,1,1,0,1,1,0,0,0,0,1,0,0,0,1,1,1,1,1,0,0.0,-612.2449725007792,1
741,1,1,0,1,0,0,0,0,1,1,1,1,1,1,1,1,1,0,0,0.0,-612.0706228816548,1
742,1,0,0,0,1,1,0,1,0,1,0,1,1,1,1,0,1,1,0,0.0,-611.9370878810348,1
743,1,0,0,0,1,0,1,1,0,1,1,0,1,1,1,0,1,0,0,0.0,-611.5821485424635,1
744,0,0,0,1,1,0,0,1,0,1,1,1,1,1,1,1,0,0,0,0.0,-611.5374664005858,2
745,1,1,0,0,0,0,0,1,1,1,0,1,1,1,1,1,0,0,0,0.0,-611.4159739245529,1
746,1,0,1,0,1,0,0,1,1,1,1,0,0,1,0,1,1,1,0,0.0,-610.902693186089,1
747,1,1,0,1,1,0,0,1,1,0,0,0,1,1,1,0,0,1,1,0.0,-610.7160051964972,1
748,0,1,0,1,1,0,0,0,1,1,0,0,1,1,1,0,1,1,1,0.0,-610.262075014179,1
749,1,0,0,1,0,0,1,1,1,1,1,1,0,1,1,1,0,0,1,0.0,-609.9701015246377,1
750,1,1,1,0,0,1,0,0,1,1,1,0,1,1,1,0,1,1,1,0.0,-609.9555755815296,1
751,1,0,1,0,1,1,0,0,1,1,1,0,0,1,1,1,0,0,1,0.0,-608.8305203819501,1
752,1,1,0,1,1,0,0,1,1,1,1,0,0,1,1,1,0,0,1,0.0,-608.1625030715594,1
753,1,0,0,1,0,1,1,0,0,1,0,1,1,1,1,1,0,0,0,0.0,-607.9561567937924,1
754,1,0,1,1,1,0,1,0,0,0,1,0,1,1,1,1,0,1,0,0.0,-607.9508902473412,1
755,0,1,1,0,0,0,0,1,0,1,1,0,1,1,1,1,0,1,0,0.0,-606.4387696980684,1
756,1,0,1,0,1,0,0,1,1,1,0,0,1,1,1,0,0,0,0,0.0,-605.5015767985055,1
757,1,0,0,0,1,1,0,0,0,1,1,0,0,1,1,1,0,1,1,0.0,-605.3924369403411,1
758,1,1,0,1,0,1,0,0,1,1,0,0,0,1,1,1,0,0,1,0.0,-605.1321687979536,1
759,1,1,0,1,1,1,1,0,0,0,1,1,1,1,1,1,1,1,0,0.0,-605.1236027238045,1
760,1,1,1,1,0,1,0,0,1,1,1,0,1,1,1,0,1,0,1,0.0,-605.0194387348246,1
761,1,1,0,0,1,1,0,1,0,1,1,1,1,1,1,1,1,0,0,0.0,-604.8844882790299,1
762,1,1,0,0,1,1,0,1,0,0,1,0,1,1,1,1,1,0,0,0.0,-604.8571913967075,1
763,1,0,0,1,0,1,0,0,1,1,0,1,1,1,0,0,1,0,0,0.0,-604.5066850156652,1
764,1,0,1,1,1,0,1,0,0,1,1,0,1,1,1,0,1,0,0,0.0,-603.6577077580239,1
765,1,0,0,1,0,0,1,0,1,0,0,1,1,1,1,1,0,0,0,0.0,-603.5774567947478,1
766,1,0,0,0,0,1,0,0,1,1,1,0,1,1,0,1,1,1,0,0.0,-603.5472185179603,1
767,1,1,0,0,1,1,0,1,1,0,1,1,1,1,1,1,0,1,1,0.0,-603.4070601732395,1
768,1,0,0,1,1,1,0,0,0,1,1,0,1,1,1,0,0,0,1,0.0,-602.9884336258546,1
769,0,0,0,0,0,0,0,1,1,0,1,1,1,1,1,1,0,1,0,0.0,-602.4995640995107,1
770,0,0,0,1,1,0,1,0,1,1,1,0,0,1,1,1,1,0,1,0.0,-602.2125198754312,1
771,1,1,0,1,1,0,0,0,1,0,0,0,1,1,1,1,0,0,0,0.0,-601.7698583416698,1
772,0,0,1,0,1,1,1,1,1,1,1,1,0,1,1,1,1,1,1,0.0,-601.768156629603,1
773,1,0,0,1,0,0,1,1,0,0,0,1,1,1,1,1,1,1,0,0.0,-601.5331497528989,1
774,1,0,1,1,1,1,1,1,0,0,0,0,0,1,1,1,0,1,1,0.0,-601.4345419810685,1
775,0,0,0,0,1,0,0,0,0,1,1,1,1,1,1,1,1,0,0,0.0,-599.6752309048184,1
776,1,0,0,1,0,1,0,0,1,1,0,1,0,1,1,0,0,1,0,0.0,-598.6178878699916,1
777,1,0,0,1,1,1,0,1,1,1,0,1,0,1,1,0,1,1,0,0.0,-598.3472863536304,1
778,1,1,0,0,1,1,1,1,1,0,1,0,1,1,1,0,0,1,0,0.0,-598.32875714318,1
779,1,0,1,1,0,0,0,0,1,1,1,0,1,1,1,1,0,0,0,0.0,-597.9962166718904,1
780,1,1,0,1,1,0,1,1,1,1,0,0,1,1,1,0,0,0,0,0.0,-597.1370805979935,1
781,1,0,1,1,0,0,1,1,1,0,0,0,1,1,1,0,1,1,1,0.0,-596.7242097401225,1
782,1,0,1,1,0,1,1,0,1,1,0,1,1,1,1,0,0,0,1,0.0,-596.6035695302398,1
783,1,0,0,1,1,0,0,0,0,1,0,1,1,1,0,1,1,0,0,0.0,-596.5540456035806,1
784,1,1,0,1,1,1,1,0,1,0,1,0,1,1,1,0,0,0,1,0.0,-596.3772135805581,1
785,1,0,0,1,0,1,0,0,1,1,0,1,0,1,0,1,0,0,1,0.0,-595.417026819303,1
786,1,0,0,1,0,0,0,1,0,0,0,1,1,1,1,1,1,1,1,0.0,-595.3825281938019,1
787,0,0,0,1,1,0,0,0,1,1,0,1,1,1,1,0,1,1,0,0.0,-595.2498756354504,1
788,1,0,1,1,1,0,1,1,0,1,1,1,0,1,1,1,1,0,1,0.0,-594.9501553790901,1
789,1,0,0,0,1,1,0,0,0,1,0,0,1,1,1,0,1,1,0,0.0,-594.7539175718221,1
790,1,0,0,1,1,1,0,0,0,0,0,0,1,1,1,1,0,0,1,0.0,-594.4818837678073,1
791,1,0,0,1,1,0,1,1,0,0,1,0,1,1,1,1,1,0,0,0.0,-594.2081296932914,1
792,1,0,0,0,1,1,1,1,1,0,1,1,1,1,1,0,1,0,1,0.0,-593.6378246701121,1
793,0,0,0,1,1,1,0,0,0,1,0,1,1,1,1,0,1,0,1,0.0,-593.3885520547693,1
794,1,1,0,0,0,1,1,1,1,0,0,0,0,1,1,1,1,1,1,0.0,-593.3051469829336,1
795,1,0,0,1,0,1,0,1,1,1,1,1,1,0,1,1,1,0,0,0.0,-593.2930605465745,1
796,0,1,0,1,1,1,1,0,1,1,1,0,1,1,1,0,1,0,0,0.0,-592.9386901141568,1
797,0,0,0,0,0,1,1,0,0,1,1,1,1,1,1,1,0,1,1,0.0,-592.7248897858071,1
798,1,0,0,0,1,0,1,0,0,1,1,1,1,1,1,1,0,0,1,0.0,-592.5867309074872,1
799,0,0,0,0,1,0,1,1,0,1,1,0,0,1,1,1,1,0,0,0.0,-592.4430227466013,1
800,1,1,1,1,1,1,1,1,0,1,1,0,1,1,1,0,1,0,0,0.0,-592.229972868592,1
801,1,1,0,1,0,0,1,0,1,0,0,0,1,1,1,1,0,0,0,0.0,-591.8882453294045,1
802,1,0,0,1,1,1,1,0,0,1,1,0,0,1,1,1,1,0,0,0.0,-589.8758571609486,1
803,1,0,0,1,1,0,1,0,0,1,0,0,1,1,1,0,1,0,0,0.0,-589.5315068615872,1
804,0,0,0,0,1,1,1,0,0,1,1,0,1,1,1,1,0,0,0,0.0,-588.9602813172464,1
805,1,0,0,1,0,0,1,0,1,1,1,1,1,1,1,0,0,1,0,0.0,-588.4244969434943,1
806,1,0,1,0,1,0,0,0,1,1,0,0,1,1,0,1,1,0,1,0.0,-588.1933239867429,1
807,0,0,0,0,0,0,1,1,1,1,0,1,1,1,1,0,1,0,1,0.0,-588.061647292553,1
808,1,0,0,1,1,0,1,0,0,0,0,1,1,1,1,1,0,1,0,0.0,-587.2910421001284,1
809,1,0,0,1,0,1,0,0,0,1,1,1,1,1,1,0,1,0,1,0.0,-586.9700764678599,1
810,1,0,1,1,1,1,0,1,1,1,0,1,1,1,1,0,1,0,0,0.0,-586.7495247666377,1
811,1,0,0,1,0,0,1,0,1,0,0,1,0,1,1,1,0,1,1,0.0,-586.2746525573679,1
812,1,1,1,0,1,1,0,1,0,0,0,0,0,1,1,1,1,0,1,0.0,-585.8837426353024,1
813,1,1,1,1,0,1,1,0,1,1,0,1,0,1,1,1,1,1,1,0.0,-585.3480030808165,1
814,1,0,0,0,1,1,0,0,1,1,1,1,1,1,1,0,0,0,0,0.0,-583.719572487765,1
815,1,0,0,1,0,1,1,0,1,1,1,1,1,1,0,0,1,1,0,0.0,-583.4273852744145,1
816,1,1,0,0,0,0,0,1,1,1,0,0,1,1,1,0,1,0,0,0.0,-583.3959848436122,1
817,1,1,0,1,1,1,0,0,1,1,1,0,0,1,1,0,1,0,1,0.0,-583.0303554465523,1
818,1,1,0,0,1,0,0,1,1,1,0,0,0,1,1,0,1,0,1,0.0,-582.4963357309672,1
819,0,0,0,0,1,0,0,0,0,1,1,1,0,1,1,1,1,1,1,0.0,-582.3724266674384,1
820,1,1,0,0,0,0,1,1,0,0,1,1,1,1,1,1,1,1,0,0.0,-581.6141151576664,1
821,1,0,0,1,0,0,0,0,0,1,0,1,0,1,1,1,1,0,1,0.0,-581.5614591040613,1
822,1,0,0,0,1,0,0,0,1,1,1,1,0,1,1,1,1,0,0,0.0,-581.3080681970636,1
823,1,1,0,1,1,0,0,1,1,0,0,0,1,1,0,1,0,0,1,0.0,-580.8137333017365,1
824,1,0,0,1,1,0,1,1,0,1,0,1,1,0,1,1,1,0,0,0.0,-580.6617041328449,1
825,0,0,1,1,1,1,0,1,0,0,0,0,1,1,1,1,1,1,0,0.0,-578.9077473505507,1
826,1,1,0,1,1,1,1,1,0,1,0,0,1,0,1,1,1,1,0,0.0,-578.4212892248993,1
827,1,0,0,1,0,0,1,0,1,1,0,1,0,1,0,1,1,0,1,0.0,-578.409688463989,1
828,1,1,0,1,0,0,0,0,1,1,0,0,1,1,0,1,1,0,0,0.0,-577.5017391235557,1
829,1,0,0,0,1,0,0,1,1,0,1,1,0,1,1,1,1,0,1,0.0,-575.135352468026,1
830,1,0,0,1,1,0,1,0,1,1,0,1,0,1,1,0,1,1,0,0.0,-574.3541949301118,1
831,1,0,0,1,0,1,0,0,1,1,0,1,0,0,1,1,0,0,1,0.0,-572.9358353854094,1
832,1,0,0,1,1,1,0,0,1,1,0,1,0,0,1,1,1,0,0,0.0,-572.2470054649873,1
833,1,0,1,1,1,0,0,1,0,1,0,0,1,0,0,1,0,0,1,0.0,-570.7794642038699,1
834,1,0,0,0,1,1,0,1,1,1,1,1,0,1,1,0,1,0,0,0.0,-570.3506201838186,1
835,1,0,0,1,1,1,0,0,0,1,0,0,0,0,1,1,1,0,1,0.0,-570.1115131590828,1
836,1,1,0,1,1,0,1,0,1,0,1,1,1,1,1,0,1,1,1,0.0,-566.244685861998,1
837,1,0,0,1,1,1,0,0,0,1,0,1,1,0,1,0,1,1,0,0.0,-565.7390788871522,1
838,1,0,0,1,0,1,1,1,1,1,0,1,1,0,1,0,1,0,1,0.0,-565.3157543890015,1
839,1,0,1,1,1,1,0,1,0,1,0,0,1,0,0,1,1,0,0,0.0,-560.495295134712,1
840,1,1,1,0,1,1,0,1,0,0,0,0,1,1,1,0,0,1,0,0.0,-554.7860201059324,1
841,0,1,1,1,1,1,1,0,1,1,1,0,1,1,1,0,0,0,0,0.0,-554.0777779374963,1
842,1,1,0,1,0,0,0,1,0,1,0,0,1,1,1,1,0,0,0,0.0,-553.9834242185702,1
843,0,1,0,0,1,1,0,1,1,0,0,0,1,1,1,1,1,0,0,0.0,-553.9225719689354,1
844,1,0,0,0,0,1,0,0,0,1,0,1,1,1,1,1,0,0,0,0.0,-553.6797709466293,1
845,1,1,0,1,0,1,0,1,1,1,0,0,0,1,1,1,0,0,0,0.0,-552.1575755138705,1
846,1,1,0,1,0,0,1,0,1,1,1,1,0,1,1,1,1,0,1,0.0,-551.2693607567447,1
847,1,0,0,1,1,1,0,1,0,1,1,0,1,0,1,1,0,1,0,0.0,-550.2913575945155,1
848,1,0,0,0,1,0,1,0,1,1,0,0,1,1,0,1,1,0,0,0.0,-549.9459222142843,1
849,0,1,0,0,1,0,1,0,1,0,1,0,0,1,1,1,0,1,1,0.0,-549.0559183647024,1
850,1,0,0,0,0,0,1,1,1,1,0,0,1,1,0,1,0,0,0,0.0,-547.6401588506235,1
851,1,0,1,1,1,1,1,0,0,1,1,1,1,0,1,1,0,0,1,0.0,-547.6218690718476,1
852,1,0,0,0,1,1,0,1,1,1,1,1,1,0,1,0,1,0,0,0.0,-546.8297806780821,1
853,1,1,0,1,1,0,0,0,1,0,0,1,1,1,1,1,0,0,0,0.0,-545.2462110908934,1
854,1,1,1,0,1,0,1,1,1,0,0,0,1,1,0,0,0,1,1,0.0,-545.1873540432333,1
855,1,0,0,0,1,0,1,1,1,1,1,0,0,0,1,1,0,0,1,0.0,-543.9974958689663,1
856,1,1,1,0,1,0,0,1,1,1,1,0,0,0,1,1,1,0,0,0.0,-543.8581527453767,1
857,1,1,1,1,0,0,0,1,1,0,0,0,1,0,1,1,1,0,1,0.0,-543.2558552921798,1
858,1,1,1,1,0,0,1,1,0,0,0,0,1,0,1,1,1,1,0,0.0,-540.3664167412231,1
859,1,1,0,1,1,1,1,1,1,0,0,0,0,1,1,0,1,0,0,0.0,-536.5986728676583,1
860,1,0,0,1,1,1,1,0,0,0,1,0,1,0,1,1,1,1,0,0.0,-536.0945638128127,1
861,1,0,0,0,1,0,0,0,0,0,1,1,1,1,1,1,1,1,0,0.0,-536.0317693260625,1
862,1,0,0,0,0,0,1,0,1,0,1,1,1,1,0,1,0,1,1,0.0,-533.5688286064122,1
863,0,0,0,0,0,1,1,1,0,0,1,1,1,1,1,1,0,0,1,0.0,-533.5202729219984,1
864,1,0,0,1,0,0,0,0,1,0,1,0,1,1,1,1,1,0,0,0.0,-530.2661847154521,1
865,1,0,1,1,0,1,0,0,1,1,0,0,1,0,0,1,1,0,0,0.0,-529.4053825600417,1
866,0,1,1,0,1,0,0,0,0,1,1,0,0,1,1,1,0,0,0,0.0,-528.7504018906635,1
867,1,0,1,0,0,0,0,1,0,0,1,1,1,1,1,1,0,1,0,0.0,-528.1440292939568,1
868,1,0,0,1,1,1,1,0,0,0,0,1,1,0,1,1,0,1,0,0.0,-526.5638034889395,1
869,1,0,0,1,0,1,1,1,1,0,0,0,1,1,1,0,0,1,0,0.0,-525.5241463229781,1
870,1,0,0,1,0,0,1,1,0,1,1,1,1,1,0,1,0,0,1,0.0,-523.5799030520419,1
871,1,0,0,0,0,0,0,1,0,0,1,1,0,1,1,1,1,1,1,0.0,-523.3616469425382,1
872,1,1,0,1,1,1,0,0,0,1,0,1,0,1,1,0,1,1,0,0.0,-521.0370596767691,1
873,1,1,0,1,0,0,0,1,1,0,1,0,0,1,1,1,1,0,0,0.0,-515.4054381871703,1
874,1,1,1,0,1,0,0,1,0,1,1,0,0,0,0,1,1,1,0,0.0,-513.4237391913292,1
875,1,0,0,0,1,1,1,0,1,1,0,1,0,0,1,1,1,0,1,0.0,-510.42609526823423,1
876,1,1,0,1,1,1,0,1,0,0,0,0,1,0,1,1,0,0,1,0.0,-506.11029773378897,1
877,1,0,0,1,0,0,1,0,1,0,1,1,1,1,1,0,0,0,0,0.0,-505.4930625196966,1
878,1,1,0,0,0,1,0,0,0,1,1,1,0,1,1,1,1,1,0,0.0,-494.4498102221547,1
879,1,0,1,1,1,1,1,1,1,0,0,0,0,1,1,0,0,0,1,0.0,-492.68203025118953,1
880,1,0,1,0,0,0,1,1,0,0,1,1,0,1,1,1,0,1,0,0.0,-490.65135632497464,1
881,1,1,0,0,1,0,0,1,0,0,1,0,1,0,1,0,0,1,1,0.0,-479.7937340387442,1
882,0,1,1,0,0,0,0,0,1,1,1,1,0,1,1,1,1,0,1,0.0,-474.8540059774935,1
883,1,1,0,1,1,1,0,0,1,0,0,0,0,0,1,0,1,0,1,0.0,-462.84568887068485,1
884,1,1,1,1,0,1,1,0,1,1,0,1,1,1,0,0,0,0,1,0.0,-456.9963573701262,1
885,1,0,0,0,0,1,1,1,0,0,0,1,0,1,1,0,1,1,1,0.0,-451.8312362075918,1
886,1,0,0,0,0,0,0,1,0,0,1,1,0,1,0,1,1,0,1,0.0,-425.61680320784507,1
