,0,1,2,3,4,5,6,7,8,9,10,11,12,13,chain_break_fraction,energy,num_occurrences
0,1,0,0,0,0,0,0,0,0,0,0,0,0,0,0.0,0.0,1
1,0,0,0,0,0,0,1,0,0,0,0,0,0,0,0.0,0.0,1
2,0,0,0,1,0,0,0,0,0,0,0,0,0,0,0.0,0.0,1
3,0,0,0,0,0,0,0,0,1,0,0,0,0,0,0.0,0.0,1
4,0,0,0,0,0,0,0,1,0,0,0,0,0,0,0.0,0.0,1
5,0,0,0,0,0,1,0,0,0,0,0,0,0,0,0.0,0.0,1
6,1,0,0,0,0,0,1,0,0,0,0,0,0,0,0.0,0.01,2
7,1,0,0,0,0,0,0,0,0,0,0,0,0,1,0.0,0.01,1
8,1,0,1,0,0,0,0,0,0,0,0,0,0,0,0.0,0.01,1
9,0,0,0,0,0,0,0,0,1,0,1,0,0,0,0.0,0.01,1
10,0,0,0,1,0,0,0,0,0,1,0,0,0,0,0.0,0.01,1
11,0,0,1,0,0,0,0,0,0,1,0,0,0,0,0.0,0.01,1
12,0,0,0,0,1,0,0,1,0,0,0,0,0,0,0.0,0.01,1
13,0,0,0,1,0,0,0,0,0,0,1,0,0,0,0.0,0.01,1
14,0,0,1,0,0,0,0,0,0,0,0,1,0,0,0.0,0.01,2
15,0,0,1,0,0,0,1,0,0,0,0,0,0,0,0.0,0.01,1
16,0,0,0,0,0,0,0,0,0,0,1,0,0,1,0.0,0.01,2
17,0,0,0,0,0,0,0,0,1,0,0,1,0,0,0.0,0.01,3
18,0,0,0,1,0,0,0,0,0,0,0,1,0,0,0.0,0.01,1
19,0,0,0,0,1,0,0,0,0,0,0,0,1,0,0.0,0.01,1
20,0,0,0,1,0,0,0,1,0,0,0,0,0,0,0.0,0.01,1
21,0,0,1,0,0,1,0,0,0,0,0,0,0,0,0.0,0.01,1
22,0,0,0,0,1,0,0,0,0,0,0,1,0,0,0.0,0.01,1
23,0,0,0,0,0,1,1,0,0,0,0,0,0,0,0.0,0.01,1
24,0,0,0,0,0,0,0,1,1,0,0,0,0,0,0.0,0.01,1
25,0,0,0,0,1,0,0,0,0,1,0,0,0,0,0.0,0.01,1
26,0,0,0,1,1,0,0,0,0,0,0,0,0,0,0.0,0.01,1
27,0,0,0,1,0,1,0,0,0,0,0,0,0,0,0.0,0.01,1
28,0,0,0,0,0,0,0,0,0,0,1,0,1,0,0.0,0.01,1
29,0,0,0,0,0,1,0,0,0,0,0,0,0,1,0.0,0.01,1
30,0,0,1,0,1,0,0,0,0,0,0,0,0,0,0.0,0.01,2
31,0,1,0,0,0,0,0,0,0,0,0,0,1,0,0.0,0.01,2
32,0,1,0,0,0,0,0,0,0,0,0,0,0,1,0.0,0.01,1
33,0,1,1,0,0,0,0,0,0,0,0,0,0,0,0.0,0.01,1
34,0,1,0,0,0,0,0,0,1,0,0,0,0,0,0.0,0.01,1
35,0,1,0,0,1,0,0,0,0,0,0,0,0,0,0.0,0.01,1
36,0,0,0,1,0,0,0,0,0,0,0,1,0,1,0.0,0.03,1
37,1,0,0,1,0,0,0,0,0,0,0,1,0,0,0.0,0.03,1
38,1,0,0,0,0,0,1,0,0,0,0,1,0,0,0.0,0.03,1
39,1,0,0,0,0,0,1,0,0,0,1,0,0,0,0.0,0.03,1
40,1,0,0,0,0,0,0,0,1,0,1,0,0,0,0.0,0.03,1
41,0,0,0,0,0,0,1,0,0,1,0,0,0,1,0.0,0.03,1
42,0,0,0,0,1,1,0,1,0,0,0,0,0,0,0.0,0.03,1
43,1,0,0,0,0,0,0,0,0,0,1,1,0,0,0.0,0.03,2
44,1,0,0,0,0,0,0,0,1,0,0,1,0,0,0.0,0.03,1
45,0,0,0,1,0,0,0,0,0,1,0,0,0,1,0.0,0.03,1
46,0,0,0,0,0,0,0,0,0,1,0,1,0,1,0.0,0.03,2
47,1,1,0,0,0,0,0,0,0,0,0,0,1,0,0.0,0.03,1
48,0,0,0,0,0,0,1,0,0,0,0,1,0,1,0.0,0.03,1
49,0,0,0,1,0,0,1,0,0,1,0,0,0,0,0.0,0.03,1
50,1,0,0,0,0,0,0,0,1,0,0,0,0,1,0.0,0.03,1
51,0,0,0,1,0,0,0,0,1,0,0,0,0,1,0.0,0.03,1
52,1,0,1,0,0,0,0,0,0,0,0,1,0,0,0.0,0.03,1
53,0,0,0,1,0,0,0,0,0,1,0,1,0,0,0.0,0.03,1
54,1,0,0,1,0,0,0,0,1,0,0,0,0,0,0.0,0.03,1
55,0,0,0,0,1,0,0,1,0,0,0,0,1,0,0.0,0.03,1
56,0,0,0,1,1,0,0,1,0,0,0,0,0,0,0.0,0.03,1
57,0,0,0,0,0,0,1,0,1,0,0,1,0,0,0.0,0.03,1
58,0,0,0,1,0,0,0,0,1,0,0,1,0,0,0.0,0.03,1
59,0,0,0,1,0,0,0,0,0,1,1,0,0,0,0.0,0.03,1
60,0,0,0,0,0,0,0,0,1,1,0,1,0,0,0.0,0.03,1
61,0,0,1,1,0,0,0,0,0,0,0,1,0,0,0.0,0.03,3
62,0,0,0,0,1,0,0,1,0,1,0,0,0,0,0.0,0.03,1
63,0,0,0,0,1,0,0,1,0,0,0,0,0,1,0.0,0.03,1
64,0,0,0,0,0,0,1,0,0,0,1,0,0,1,0.0,0.03,2
65,0,0,1,0,1,0,0,1,0,0,0,0,0,0,0.0,0.03,1
66,0,0,0,0,0,0,1,0,0,1,0,1,0,0,0.0,0.03,1
67,0,0,0,0,0,0,0,0,0,1,1,0,0,1,0.0,0.03,1
68,0,0,0,0,1,0,0,1,0,0,0,1,0,0,0.0,0.03,2
69,0,0,0,0,0,0,0,0,0,0,1,1,0,1,0.0,0.03,1
70,0,0,1,1,0,0,0,0,0,1,0,0,0,0,0.0,0.03,1
71,0,0,0,1,0,0,0,0,1,0,1,0,0,0,0.0,0.03,1
72,0,0,0,0,0,0,0,0,1,1,0,0,0,1,0.0,0.03,1
73,0,0,0,0,1,1,1,0,0,0,0,0,0,0,0.0,0.03,1
74,0,0,0,0,1,0,0,0,0,1,0,0,1,0,0.0,0.03,1
75,1,0,0,0,0,1,0,0,0,0,0,0,0,1,0.0,0.03,1
76,0,0,0,1,0,0,0,1,0,1,0,0,0,0,0.0,0.03,1
77,0,0,0,1,0,0,0,1,1,0,0,0,0,0,0.0,0.03,1
78,0,0,0,1,0,1,0,0,0,0,0,0,0,1,0.0,0.03,1
79,0,0,0,0,0,0,1,0,1,0,1,0,0,0,0.0,0.03,1
80,1,0,0,1,0,1,0,0,0,0,0,0,0,0,0.0,0.03,1
81,0,0,0,1,1,1,0,0,0,0,0,0,0,0,0.0,0.03,1
82,0,0,0,0,1,0,0,0,0,0,0,0,1,1,0.0,0.03,1
83,1,0,1,0,0,1,0,0,0,0,0,0,0,0,0.0,0.03,1
84,0,0,0,0,0,0,0,0,1,0,1,1,0,0,0.0,0.03,1
85,0,0,0,0,1,1,0,0,0,0,0,0,0,1,0.0,0.03,1
86,1,0,0,0,0,0,0,0,1,0,0,0,1,0,0.0,0.03,3
87,0,0,0,0,1,1,0,0,0,0,1,0,0,0,0.0,0.03,2
88,0,0,1,0,1,0,0,0,0,0,0,0,1,0,0.0,0.03,2
89,0,0,0,0,1,1,0,0,0,1,0,0,0,0,0.0,0.03,2
90,0,0,0,0,0,0,0,1,0,1,0,1,0,0,0.0,0.03,1
91,1,0,0,0,0,0,0,0,0,0,0,0,1,1,0.0,0.03,1
92,1,0,0,0,0,1,0,0,1,0,0,0,0,0,0.0,0.03,2
93,0,0,0,0,0,0,0,0,1,1,1,0,0,0,0.0,0.03,2
94,1,1,1,0,0,0,0,0,0,0,0,0,0,0,0.0,0.03,1
95,0,0,0,0,0,0,0,1,0,1,1,0,0,0,0.0,0.03,1
96,0,0,0,0,0,0,0,1,1,0,0,1,0,0,0.0,0.03,1
97,0,0,0,1,0,1,0,0,1,0,0,0,0,0,0.0,0.03,1
98,0,0,0,1,0,1,1,0,0,0,0,0,0,0,0.0,0.03,1
99,1,0,1,0,0,0,0,0,0,0,0,0,1,0,0.0,0.03,2
100,0,0,0,0,0,0,0,1,1,1,0,0,0,0,0.0,0.03,2
101,1,0,0,0,1,0,0,0,0,0,0,0,1,0,0.0,0.03,1
102,0,0,0,0,0,1,0,0,1,0,0,0,0,1,0.0,0.03,2
103,0,0,0,0,0,0,0,1,0,0,1,1,0,0,0.0,0.03,2
104,0,0,0,0,0,0,1,0,0,0,1,0,1,0,0.0,0.03,1
105,0,0,0,0,1,0,1,0,0,0,1,0,0,0,0.0,0.03,1
106,0,0,0,1,1,0,0,0,0,0,1,0,0,0,0.0,0.03,1
107,0,0,0,0,1,1,0,0,0,0,0,0,1,0,0.0,0.03,1
108,1,0,0,0,1,0,0,0,0,0,0,1,0,0,0.0,0.03,1
109,0,0,0,0,0,0,1,0,0,1,0,0,1,0,0.0,0.03,3
110,0,0,1,0,0,0,0,0,0,1,0,0,1,0,0.0,0.03,1
111,0,0,1,0,0,1,1,0,0,0,0,0,0,0,0.0,0.03,2
112,0,0,1,0,1,0,1,0,0,0,0,0,0,0,0.0,0.03,1
113,0,0,0,0,1,0,0,0,0,1,1,0,0,0,0.0,0.03,1
114,0,0,0,0,1,0,0,0,0,0,1,0,0,1,0.0,0.03,1
115,0,1,1,0,0,1,0,0,0,0,0,0,0,0,0.0,0.03,2
116,0,0,0,0,0,0,0,0,0,1,1,0,1,0,0.0,0.03,1
117,0,0,0,0,0,0,0,0,1,0,0,0,1,1,0.0,0.03,3
118,0,0,0,0,0,0,1,0,1,0,0,0,1,0,0.0,0.03,2
119,0,0,0,0,0,0,0,0,1,1,0,0,1,0,0.0,0.03,2
120,0,0,0,0,0,1,1,0,1,0,0,0,0,0,0.0,0.03,2
121,0,0,0,0,0,0,0,0,0,0,1,1,1,0,0.0,0.03,2
122,0,0,1,0,0,1,0,0,0,1,0,0,0,0,0.0,0.03,2
123,0,0,0,0,1,0,1,0,0,0,0,1,0,0,0.0,0.03,1
124,0,0,0,0,0,0,0,0,1,0,1,0,1,0,0.0,0.03,3
125,0,0,0,0,0,1,0,1,0,0,0,0,0,1,0.0,0.03,1
126,0,1,0,0,0,1,1,0,0,0,0,0,0,0,0.0,0.03,1
127,0,0,0,0,0,1,0,1,0,1,0,0,0,0,0.0,0.03,1
128,0,0,0,0,0,0,0,1,0,0,0,1,1,0,0.0,0.03,1
129,0,1,0,0,0,1,0,0,1,0,0,0,0,0,0.0,0.03,1
130,0,1,0,0,0,0,1,0,0,0,0,0,1,0,0.0,0.03,1
131,0,1,0,0,0,0,0,0,0,1,0,0,1,0,0.0,0.03,1
132,0,0,1,0,0,0,0,1,0,0,0,0,1,0,0.0,0.03,2
133,0,1,0,0,0,0,1,0,0,1,0,0,0,0,0.0,0.03,1
134,0,0,0,0,0,0,0,1,1,0,0,0,1,0,0.0,0.03,2
135,0,1,0,0,0,0,0,0,1,0,0,0,1,0,0.0,0.03,1
136,0,1,0,1,0,0,0,0,0,0,0,0,0,1,0.0,0.03,1
137,0,1,0,1,0,0,0,0,0,1,0,0,0,0,0.0,0.03,2
138,0,1,0,0,0,1,0,0,0,0,0,0,1,0,0.0,0.03,2
139,0,1,1,0,0,0,1,0,0,0,0,0,0,0,0.0,0.03,1
140,0,1,0,0,0,0,0,0,1,0,0,1,0,0,0.0,0.03,1
141,0,1,1,1,0,0,0,0,0,0,0,0,0,0,0.0,0.03,1
142,0,1,1,0,0,0,0,0,0,0,0,1,0,0,0.0,0.03,4
143,0,1,0,1,0,0,0,0,1,0,0,0,0,0,0.0,0.03,2
144,0,1,0,0,1,0,0,0,0,0,0,0,1,0,0.0,0.03,1
145,0,0,0,0,0,1,0,0,1,0,0,0,1,0,0.0,0.03,1
146,1,1,0,0,1,0,0,0,0,0,0,0,0,0,0.0,0.03,1
147,0,1,0,0,1,0,0,0,0,1,0,0,0,0,0.0,0.03,1
148,0,1,1,0,1,0,0,0,0,0,0,0,0,0,0.0,0.03,1
149,0,1,0,0,1,0,1,0,0,0,0,0,0,0,0.0,0.03,2
150,0,1,0,1,1,0,0,0,0,0,0,0,0,0,0.0,0.03,1
151,1,0,0,1,0,0,0,0,1,0,0,0,0,1,0.0,0.060000000000000005,1
152,0,0,0,1,1,1,0,1,0,0,0,0,0,0,0.0,0.060000000000000005,1
153,1,1,0,0,0,0,1,0,0,0,0,0,1,0,0.0,0.060000000000000005,1
154,0,0,0,0,1,0,0,1,0,1,0,0,1,0,0.0,0.060000000000000005,1
155,1,0,0,1,0,0,0,0,1,0,0,1,0,0,0.0,0.060000000000000005,1
156,1,1,0,0,0,0,0,0,1,0,0,0,1,0,0.0,0.060000000000000005,1
157,1,0,0,1,0,0,0,0,0,0,1,1,0,0,0.0,0.060000000000000005,1
158,1,1,0,0,0,0,0,0,0,0,0,1,1,0,0.0,0.060000000000000005,1
159,1,1,0,0,0,0,0,0,0,0,0,0,1,1,0.0,0.060000000000000005,1
160,0,0,0,0,0,0,1,0,1,1,0,1,0,0,0.0,0.060000000000000005,1
161,0,0,0,0,1,1,1,0,0,0,0,0,0,1,0.0,0.060000000000000005,1
162,0,0,1,1,1,0,0,1,0,0,0,0,0,0,0.0,0.060000000000000005,1
163,1,1,0,1,0,0,0,0,0,0,0,0,0,1,0.0,0.060000000000000005,1
164,0,0,1,1,0,0,1,0,0,0,0,1,0,0,0.0,0.060000000000000005,1
165,0,0,0,1,0,0,1,0,0,0,0,1,0,1,0.0,0.060000000000000005,1
166,0,0,0,1,1,0,0,1,0,0,1,0,0,0,0.0,0.060000000000000005,1
167,1,0,0,0,0,0,0,0,1,0,1,1,0,0,0.0,0.060000000000000005,2
168,1,1,0,0,0,1,0,0,0,0,0,0,1,0,0.0,0.060000000000000005,1
169,0,0,0,1,0,0,1,0,0,1,0,0,0,1,0.0,0.060000000000000005,1
170,1,0,1,1,0,0,0,0,0,0,0,1,0,0,0.0,0.060000000000000005,1
171,0,0,0,0,0,0,0,0,1,1,0,1,0,1,0.0,0.060000000000000005,1
172,0,0,0,1,0,0,1,0,1,1,0,0,0,0,0.0,0.060000000000000005,1
173,0,0,0,0,1,0,0,1,0,1,0,1,0,0,0.0,0.060000000000000005,2
174,0,0,0,1,0,0,0,0,1,0,0,1,0,1,0.0,0.060000000000000005,2
175,1,0,1,1,0,0,1,0,0,0,0,0,0,0,0.0,0.060000000000000005,2
176,0,0,0,0,0,0,1,0,1,1,1,0,0,0,0.0,0.060000000000000005,1
177,0,0,0,1,0,0,0,0,1,1,0,0,0,1,0.0,0.060000000000000005,1
178,0,0,0,1,0,0,1,0,1,0,0,0,0,1,0.0,0.060000000000000005,2
179,0,0,0,0,1,1,0,0,0,1,1,0,0,0,0.0,0.060000000000000005,1
180,1,0,0,1,0,1,0,0,1,0,0,0,0,0,0.0,0.060000000000000005,1
181,0,0,1,0,1,1,0,0,0,1,0,0,0,0,0.0,0.060000000000000005,1
182,0,0,0,1,0,0,0,0,1,0,1,0,0,1,0.0,0.060000000000000005,1
183,1,1,0,0,0,0,1,0,1,0,0,0,0,0,0.0,0.060000000000000005,1
184,0,0,0,0,0,0,0,1,1,0,0,1,0,1,0.0,0.060000000000000005,1
185,0,0,0,0,0,0,0,1,1,0,1,0,0,1,0.0,0.060000000000000005,1
186,0,0,0,1,0,0,0,1,0,1,0,0,0,1,0.0,0.060000000000000005,1
187,0,0,0,0,1,0,0,0,0,0,1,0,1,1,0.0,0.060000000000000005,2
188,0,0,0,1,0,0,0,1,0,0,0,1,0,1,0.0,0.060000000000000005,1
189,0,0,0,0,1,0,0,0,0,0,0,1,1,1,0.0,0.060000000000000005,2
190,0,0,1,0,1,0,0,1,0,0,0,1,0,0,0.0,0.060000000000000005,1
191,1,0,0,1,0,1,1,0,0,0,0,0,0,0,0.0,0.060000000000000005,1
192,0,0,0,0,1,0,0,0,0,1,0,1,1,0,0.0,0.060000000000000005,1
193,1,0,0,0,0,0,1,0,0,0,0,0,1,1,0.0,0.060000000000000005,1
194,1,0,0,0,0,1,0,0,1,0,1,0,0,0,0.0,0.060000000000000005,2
195,0,0,0,0,1,0,1,0,0,0,1,0,1,0,0.0,0.060000000000000005,1
196,0,0,0,0,0,1,1,0,0,1,0,0,0,1,0.0,0.060000000000000005,1
197,1,0,0,0,0,0,0,0,0,0,1,1,1,0,0.0,0.060000000000000005,1
198,0,0,0,1,1,0,1,0,0,0,0,0,0,1,0.0,0.060000000000000005,1
199,1,0,0,0,1,0,1,0,0,0,0,0,1,0,0.0,0.060000000000000005,1
200,0,0,0,0,0,0,0,0,0,0,1,1,1,1,0.0,0.060000000000000005,1
201,0,0,0,1,0,0,0,1,1,0,0,0,0,1,0.0,0.060000000000000005,1
202,0,0,0,0,0,0,0,0,1,1,1,0,1,0,0.0,0.060000000000000005,2
203,0,0,0,1,0,1,0,0,1,0,0,0,0,1,0.0,0.060000000000000005,1
204,0,0,0,0,1,0,1,0,0,0,0,1,0,1,0.0,0.060000000000000005,1
205,0,0,1,0,0,1,1,0,0,1,0,0,0,0,0.0,0.060000000000000005,1
206,1,0,0,0,0,0,0,0,1,0,0,0,1,1,0.0,0.060000000000000005,1
207,0,0,0,1,0,1,0,0,0,1,1,0,0,0,0.0,0.060000000000000005,1
208,1,0,0,0,0,0,1,0,0,0,1,0,1,0,0.0,0.060000000000000005,2
209,0,0,0,1,1,0,1,0,0,1,0,0,0,0,0.0,0.060000000000000005,1
210,0,0,0,1,0,0,0,1,1,0,1,0,0,0,0.0,0.060000000000000005,1
211,0,0,0,0,0,0,0,1,1,1,0,1,0,0,0.0,0.060000000000000005,2
212,1,0,0,0,1,1,0,0,0,0,0,0,0,1,0.0,0.060000000000000005,1
213,0,0,0,0,0,1,1,0,1,0,1,0,0,0,0.0,0.060000000000000005,3
214,1,0,1,0,0,0,1,0,0,0,0,0,1,0,0.0,0.060000000000000005,1
215,0,0,1,0,1,1,0,0,0,0,0,0,1,0,0.0,0.060000000000000005,1
216,0,0,0,0,0,0,1,0,1,0,0,0,1,1,0.0,0.060000000000000005,3
217,0,0,0,0,1,0,0,0,0,0,1,1,1,0,0.0,0.060000000000000005,1
218,0,0,0,0,0,0,1,0,0,0,0,1,1,1,0.0,0.060000000000000005,1
219,1,0,0,0,0,0,0,0,1,0,0,1,1,0,0.0,0.060000000000000005,1
220,0,0,0,0,0,0,0,0,1,0,0,1,1,1,0.0,0.060000000000000005,1
221,0,0,0,0,1,1,0,0,0,0,0,0,1,1,0.0,0.060000000000000005,1
222,0,0,1,1,1,1,0,0,0,0,0,0,0,0,0.0,0.060000000000000005,2
223,0,0,1,1,0,0,0,1,0,0,0,1,0,0,0.0,0.060000000000000005,2
224,1,0,1,0,1,0,0,0,0,0,0,0,1,0,0.0,0.060000000000000005,1
225,1,0,1,1,0,1,0,0,0,0,0,0,0,0,0.0,0.060000000000000005,3
226,0,0,0,0,1,1,1,0,0,0,0,0,1,0,0.0,0.060000000000000005,1
227,1,0,0,0,0,0,0,0,0,0,1,0,1,1,0.0,0.060000000000000005,2
228,1,0,1,0,1,1,0,0,0,0,0,0,0,0,0.0,0.060000000000000005,2
229,0,0,1,0,1,0,1,0,0,0,0,0,1,0,0.0,0.060000000000000005,1
230,0,0,0,1,0,1,1,0,1,0,0,0,0,0,0.0,0.060000000000000005,1
231,1,0,0,0,0,0,0,0,1,0,1,0,1,0,0.0,0.060000000000000005,1
232,0,0,0,0,0,0,0,1,1,1,1,0,0,0,0.0,0.060000000000000005,3
233,0,0,0,0,0,1,0,0,1,1,0,0,0,1,0.0,0.060000000000000005,1
234,0,0,0,0,0,0,0,0,1,0,1,0,1,1,0.0,0.060000000000000005,2
235,0,0,0,0,0,0,0,0,1,0,1,1,1,0,0.0,0.060000000000000005,2
236,0,0,1,0,0,0,0,0,0,1,0,1,1,0,0.0,0.060000000000000005,1
237,0,0,0,0,0,0,1,0,0,1,1,0,1,0,0.0,0.060000000000000005,1
238,0,0,0,0,0,0,1,0,1,0,0,1,1,0,0.0,0.060000000000000005,2
239,0,0,0,0,0,0,1,0,1,1,0,0,1,0,0.0,0.060000000000000005,1
240,0,0,1,1,0,1,0,0,0,1,0,0,0,0,0.0,0.060000000000000005,1
241,0,0,0,0,0,0,1,0,0,0,1,1,1,0,0.0,0.060000000000000005,1
242,0,0,0,0,0,0,1,0,1,0,1,0,1,0,0.0,0.060000000000000005,3
243,0,0,0,0,1,0,1,0,0,0,1,1,0,0,0.0,0.060000000000000005,2
244,0,0,0,0,0,1,0,1,1,1,0,0,0,0,0.0,0.060000000000000005,1
245,0,0,0,0,0,0,0,1,0,0,0,1,1,1,0.0,0.060000000000000005,1
246,0,0,0,0,0,0,0,1,1,1,0,0,1,0,0.0,0.060000000000000005,1
247,0,0,0,0,0,0,0,1,0,0,1,1,1,0,0.0,0.060000000000000005,1
248,0,1,0,0,0,0,0,0,0,1,0,1,1,0,0.0,0.060000000000000005,1
249,0,0,0,1,0,1,0,1,1,0,0,0,0,0,0.0,0.060000000000000005,1
250,1,0,0,0,1,1,0,0,0,0,0,0,1,0,0.0,0.060000000000000005,1
251,0,0,0,0,0,0,0,1,1,0,1,0,1,0,0.0,0.060000000000000005,1
252,0,1,1,0,0,0,0,0,0,1,0,0,1,0,0.0,0.060000000000000005,1
253,0,1,0,0,0,0,0,0,0,1,0,0,1,1,0.0,0.060000000000000005,1
254,1,0,0,0,0,0,0,1,1,0,0,0,0,1,0.0,0.060000000000000005,1
255,1,0,0,1,0,0,0,1,0,0,0,1,0,0,0.0,0.060000000000000005,1
256,0,1,0,0,0,1,0,0,0,1,0,0,0,1,0.0,0.060000000000000005,1
257,1,0,1,0,1,0,0,0,0,0,0,1,0,0,0.0,0.060000000000000005,1
258,1,0,0,0,1,0,1,0,0,0,1,0,0,0,0.0,0.060000000000000005,1
259,0,1,1,0,0,1,1,0,0,0,0,0,0,0,0.0,0.060000000000000005,1
260,0,0,0,0,0,0,0,1,1,0,0,0,1,1,0.0,0.060000000000000005,1
261,1,0,0,0,1,0,0,0,0,0,1,1,0,0,0.0,0.060000000000000005,1
262,1,0,0,0,1,0,0,1,0,0,0,0,1,0,0.0,0.060000000000000005,1
263,0,1,0,0,0,0,1,0,1,0,0,0,1,0,0.0,0.060000000000000005,1
264,0,0,0,0,0,0,0,1,1,0,0,1,1,0,0.0,0.060000000000000005,2
265,0,0,1,1,0,1,0,1,0,0,0,0,0,0,0.0,0.060000000000000005,1
266,1,0,0,1,0,0,0,1,1,0,0,0,0,0,0.0,0.060000000000000005,2
267,0,1,0,0,0,0,0,0,0,0,0,1,1,1,0.0,0.060000000000000005,1
268,0,1,0,0,0,0,0,0,1,0,0,0,1,1,0.0,0.060000000000000005,2
269,1,0,0,0,0,0,0,1,1,0,1,0,0,0,0.0,0.060000000000000005,2
270,1,1,0,0,1,1,0,0,0,0,0,0,0,0,0.0,0.060000000000000005,1
271,0,0,0,1,0,1,0,0,1,0,1,0,0,0,0.0,0.060000000000000005,1
272,1,0,1,1,1,0,0,0,0,0,0,0,0,0,0.0,0.060000000000000005,2
273,0,0,1,1,1,0,0,0,0,1,0,0,0,0,0.0,0.060000000000000005,1
274,0,1,0,0,0,0,0,0,1,0,0,1,1,0,0.0,0.060000000000000005,4
275,0,0,1,1,1,0,1,0,0,0,0,0,0,0,0.0,0.060000000000000005,1
276,0,1,0,0,0,0,0,0,1,1,0,0,1,0,0.0,0.060000000000000005,2
277,1,0,0,0,0,0,0,1,0,0,0,1,0,1,0.0,0.060000000000000005,2
278,1,0,0,0,1,1,0,1,0,0,0,0,0,0,0.0,0.060000000000000005,1
279,0,1,0,0,0,0,1,0,0,1,0,0,1,0,0.0,0.060000000000000005,2
280,1,0,0,1,1,0,0,1,0,0,0,0,0,0,0.0,0.060000000000000005,1
281,0,1,0,1,0,0,0,0,0,1,0,0,0,1,0.0,0.060000000000000005,1
282,1,0,1,1,0,0,0,1,0,0,0,0,0,0,0.0,0.060000000000000005,2
283,0,1,0,0,0,1,0,0,1,0,0,0,1,0,0.0,0.060000000000000005,2
284,0,1,1,0,0,1,0,0,0,0,0,0,1,0,0.0,0.060000000000000005,3
285,1,0,0,0,0,1,0,1,0,0,1,0,0,0,0.0,0.060000000000000005,1
286,0,1,0,0,0,1,0,0,0,1,0,0,1,0,0.0,0.060000000000000005,1
287,0,1,0,0,0,0,1,0,0,0,0,1,0,1,0.0,0.060000000000000005,1
288,0,1,0,0,0,0,1,0,0,1,0,1,0,0,0.0,0.060000000000000005,1
289,0,1,1,0,1,1,0,0,0,0,0,0,0,0,0.0,0.060000000000000005,1
290,1,0,0,0,0,1,0,1,1,0,0,0,0,0,0.0,0.060000000000000005,2
291,0,1,1,0,0,0,1,0,0,1,0,0,0,0,0.0,0.060000000000000005,1
292,0,1,0,0,0,0,1,0,1,0,0,0,0,1,0.0,0.060000000000000005,1
293,0,1,0,0,0,0,0,0,1,0,0,1,0,1,0.0,0.060000000000000005,1
294,0,1,0,1,0,0,1,0,1,0,0,0,0,0,0.0,0.060000000000000005,1
295,0,1,0,1,0,0,0,0,1,1,0,0,0,0,0.0,0.060000000000000005,2
296,0,1,0,1,1,1,0,0,0,0,0,0,0,0,0.0,0.060000000000000005,1
297,1,0,0,0,0,1,0,0,0,0,0,0,1,1,0.0,0.060000000000000005,2
298,0,1,1,1,0,0,0,0,0,0,0,1,0,0,0.0,0.060000000000000005,2
299,1,0,1,0,0,0,0,1,0,0,0,0,1,0,0.0,0.060000000000000005,1
300,0,1,0,0,1,1,1,0,0,0,0,0,0,0,0.0,0.060000000000000005,1
301,1,0,1,0,0,1,0,0,0,0,0,0,1,0,0.0,0.060000000000000005,1
302,0,1,0,0,1,0,0,0,0,0,0,0,1,1,0.0,0.060000000000000005,1
303,1,0,0,0,0,1,0,0,0,0,1,0,1,0,0.0,0.060000000000000005,1
304,1,0,0,0,0,1,0,0,1,0,0,0,1,0,0.0,0.060000000000000005,1
305,0,1,1,0,1,0,0,0,0,0,0,0,1,0,0.0,0.060000000000000005,1
306,1,0,0,0,0,0,0,1,0,0,1,0,1,0,0.0,0.060000000000000005,1
307,0,0,0,0,0,1,1,0,0,1,0,0,1,0,0.0,0.060000000000000005,1
308,0,0,0,0,0,1,0,0,1,1,0,0,1,0,0.0,0.060000000000000005,1
309,0,0,1,0,0,1,1,0,0,0,0,0,1,0,0.0,0.060000000000000005,1
310,0,0,0,0,0,1,1,0,0,0,1,0,1,0,0.0,0.060000000000000005,1
311,0,0,0,0,0,1,1,0,1,0,0,0,1,0,0.0,0.060000000000000005,1
312,0,0,0,0,0,1,0,0,1,0,0,0,1,1,0.0,0.060000000000000005,1
313,0,0,0,0,0,1,0,1,1,0,0,0,1,0,0.0,0.060000000000000005,4
314,1,1,0,0,1,0,0,0,0,0,0,0,0,1,0.0,0.060000000000000005,1
315,0,1,0,0,1,0,0,0,0,0,0,1,0,1,0.0,0.060000000000000005,1
316,0,1,0,1,1,0,0,0,0,0,0,0,0,1,0.0,0.060000000000000005,1
317,0,0,0,1,1,1,0,1,0,0,0,0,0,1,0.0,0.09999999999999999,1
318,0,0,0,0,1,0,0,1,0,1,0,1,1,0,0.0,0.09999999999999999,1
319,1,0,0,1,0,0,1,0,0,0,0,1,0,1,0.0,0.09999999999999999,2
320,1,1,0,0,0,0,0,0,1,0,0,1,1,0,0.0,0.09999999999999999,2
321,1,0,0,1,0,0,1,0,1,0,0,0,0,1,0.0,0.09999999999999999,1
322,0,0,0,0,1,0,0,1,0,0,1,1,1,0,0.0,0.09999999999999999,1
323,1,1,1,1,0,1,0,0,0,0,0,0,0,0,0.0,0.09999999999999999,1
324,1,1,0,0,0,1,1,0,1,0,0,0,0,0,0.0,0.09999999999999999,3
325,1,0,0,0,0,0,1,0,1,0,1,1,0,0,0.0,0.09999999999999999,3
326,1,0,0,0,0,0,0,0,1,0,1,1,0,1,0.0,0.09999999999999999,1
327,0,0,0,0,1,0,0,1,0,0,0,1,1,1,0.0,0.09999999999999999,2
328,0,0,0,1,1,1,0,1,0,0,1,0,0,0,0.0,0.09999999999999999,3
329,0,0,1,0,1,0,0,1,0,1,0,0,1,0,0.0,0.09999999999999999,2
330,1,1,0,0,0,0,1,0,1,0,0,0,1,0,0.0,0.09999999999999999,4
331,1,1,0,1,0,0,1,0,0,0,0,1,0,0,0.0,0.09999999999999999,1
332,0,0,0,0,0,0,0,0,1,1,1,1,0,1,0.0,0.09999999999999999,2
333,0,0,0,0,1,0,0,1,0,1,0,1,0,1,0.0,0.09999999999999999,1
334,1,0,0,1,0,0,1,0,1,0,1,0,0,0,0.0,0.09999999999999999,1
335,1,1,1,0,0,0,0,0,0,0,0,1,1,0,0.0,0.09999999999999999,1
336,0,0,1,0,1,1,0,1,0,0,0,0,1,0,0.0,0.09999999999999999,2
337,1,1,0,1,0,0,0,0,1,0,0,1,0,0,0.0,0.09999999999999999,1
338,0,0,0,0,1,0,1,0,0,0,0,1,1,1,0.0,0.09999999999999999,1
339,0,0,0,0,0,0,0,1,1,1,1,0,0,1,0.0,0.09999999999999999,2
340,1,0,0,0,0,0,0,0,1,0,1,0,1,1,0.0,0.09999999999999999,1
341,0,0,0,0,1,0,0,1,0,1,1,1,0,0,0.0,0.09999999999999999,1
342,0,0,0,0,1,0,0,0,0,1,1,0,1,1,0.0,0.09999999999999999,1
343,0,0,0,1,0,0,1,0,1,1,0,1,0,0,0.0,0.09999999999999999,2
344,1,1,0,0,0,0,1,0,1,0,0,1,0,0,0.0,0.09999999999999999,1
345,1,0,0,0,0,0,0,0,1,0,0,1,1,1,0.0,0.09999999999999999,2
346,0,0,1,1,1,0,0,1,0,0,0,1,0,0,0.0,0.09999999999999999,1
347,1,0,0,1,1,1,0,0,0,0,0,0,0,1,0.0,0.09999999999999999,1
348,1,1,1,1,0,0,0,0,0,0,0,1,0,0,0.0,0.09999999999999999,1
349,0,0,0,0,1,0,1,0,0,0,1,1,1,0,0.0,0.09999999999999999,1
350,0,0,0,1,0,0,1,0,1,0,1,0,0,1,0.0,0.09999999999999999,2
351,0,0,0,0,1,0,0,0,0,1,1,1,1,0,0.0,0.09999999999999999,1
352,1,0,0,1,0,1,0,0,0,0,1,0,0,1,0.0,0.09999999999999999,1
353,0,0,0,1,1,0,0,1,0,1,1,0,0,0,0.0,0.09999999999999999,1
354,0,0,0,1,0,0,1,0,0,1,1,0,0,1,0.0,0.09999999999999999,1
355,0,0,0,0,0,0,1,0,1,1,1,1,0,0,0.0,0.09999999999999999,2
356,1,0,0,0,0,1,0,0,1,0,1,0,0,1,0.0,0.09999999999999999,2
357,0,0,0,0,1,0,0,0,0,0,1,1,1,1,0.0,0.09999999999999999,1
358,0,0,0,0,1,1,1,0,0,1,1,0,0,0,0.0,0.09999999999999999,1
359,0,0,0,1,1,1,1,0,0,1,0,0,0,0,0.0,0.09999999999999999,1
360,1,1,0,0,0,1,0,0,1,0,0,0,1,0,0.0,0.09999999999999999,2
361,1,0,0,1,0,1,0,0,1,0,0,0,0,1,0.0,0.09999999999999999,2
362,0,0,0,0,1,1,1,0,0,1,0,0,0,1,0.0,0.09999999999999999,1
363,1,0,0,0,0,1,1,0,1,0,0,0,0,1,0.0,0.09999999999999999,2
364,0,0,0,1,0,0,0,1,1,1,0,0,0,1,0.0,0.09999999999999999,1
365,0,0,0,0,0,0,0,0,1,1,1,0,1,1,0.0,0.09999999999999999,1
366,0,0,0,0,1,0,1,0,0,1,1,0,1,0,0.0,0.09999999999999999,1
367,1,0,1,0,0,0,1,0,0,0,0,1,1,0,0.0,0.09999999999999999,1
368,0,0,0,1,1,0,0,0,0,1,0,1,0,1,0.0,0.09999999999999999,1
369,1,0,0,1,0,1,1,0,0,0,1,0,0,0,0.0,0.09999999999999999,1
370,1,0,0,1,1,1,1,0,0,0,0,0,0,0,0.0,0.09999999999999999,1
371,1,0,0,0,1,0,1,0,0,0,0,0,1,1,0.0,0.09999999999999999,1
372,1,0,0,0,0,0,1,0,1,0,0,1,1,0,0.0,0.09999999999999999,3
373,0,0,1,0,1,0,1,0,0,0,0,1,1,0,0.0,0.09999999999999999,1
374,1,0,0,0,0,1,1,0,1,0,1,0,0,0,0.0,0.09999999999999999,2
375,0,0,0,1,0,0,0,1,1,0,1,1,0,0,0.0,0.09999999999999999,1
376,1,0,0,0,0,0,1,0,1,0,1,0,1,0,0.0,0.09999999999999999,2
377,0,0,0,0,0,1,1,0,1,0,1,0,0,1,0.0,0.09999999999999999,1
378,1,0,0,1,0,1,1,0,1,0,0,0,0,0,0.0,0.09999999999999999,4
379,0,0,0,0,0,0,1,0,1,0,1,1,1,0,0.0,0.09999999999999999,3
380,0,0,0,0,1,1,1,0,0,1,0,0,1,0,0.0,0.09999999999999999,1
381,0,0,0,1,0,1,1,0,1,1,0,0,0,0,0.0,0.09999999999999999,1
382,0,0,0,0,0,0,1,0,0,1,1,1,1,0,0.0,0.09999999999999999,2
383,0,0,0,0,0,0,1,0,1,1,1,0,1,0,0.0,0.09999999999999999,1
384,1,0,0,0,1,1,0,0,0,0,1,0,1,0,0.0,0.09999999999999999,1
385,1,0,0,1,1,1,0,1,0,0,0,0,0,0,0.0,0.09999999999999999,1
386,1,0,0,0,1,0,0,0,0,0,1,1,1,0,0.0,0.09999999999999999,1
387,0,0,0,0,1,1,1,0,0,0,0,0,1,1,0.0,0.09999999999999999,1
388,0,0,0,0,0,0,1,0,1,0,0,1,1,1,0.0,0.09999999999999999,3
389,0,0,1,1,0,1,1,0,0,1,0,0,0,0,0.0,0.09999999999999999,1
390,1,0,0,0,1,1,1,0,0,0,1,0,0,0,0.0,0.09999999999999999,1
391,0,0,1,1,1,0,1,0,0,0,0,1,0,0,0.0,0.09999999999999999,1
392,1,0,0,0,1,0,0,1,0,0,0,0,1,1,0.0,0.09999999999999999,1
393,0,0,1,0,1,1,0,0,0,1,0,0,1,0,0.0,0.09999999999999999,1
394,1,0,1,0,1,1,1,0,0,0,0,0,0,0,0.0,0.09999999999999999,1
395,0,0,1,0,0,0,1,0,0,1,0,1,1,0,0.0,0.09999999999999999,2
396,0,0,0,0,0,0,0,0,1,1,0,1,1,1,0.0,0.09999999999999999,1
397,0,0,0,1,0,1,1,0,1,0,0,0,0,1,0.0,0.09999999999999999,2
398,0,0,1,1,1,0,1,0,0,1,0,0,0,0,0.0,0.09999999999999999,1
399,0,0,0,0,1,0,1,0,0,1,1,1,0,0,0.0,0.09999999999999999,1
400,1,1,0,1,1,1,0,0,0,0,0,0,0,0,0.0,0.09999999999999999,1
401,0,0,0,1,1,0,1,0,0,1,1,0,0,0,0.0,0.09999999999999999,1
402,0,0,0,1,0,1,0,0,1,1,1,0,0,0,0.0,0.09999999999999999,2
403,0,0,0,0,0,1,1,0,1,1,1,0,0,0,0.0,0.09999999999999999,3
404,1,0,0,0,1,1,1,0,0,0,0,0,1,0,0.0,0.09999999999999999,1
405,0,0,1,0,1,1,1,0,0,0,0,0,1,0,0.0,0.09999999999999999,2
406,0,0,0,0,0,0,1,0,1,1,0,1,1,0,0.0,0.09999999999999999,1
407,1,0,0,0,1,1,0,1,0,0,1,0,0,0,0.0,0.09999999999999999,2
408,0,0,0,0,0,0,0,0,1,0,1,1,1,1,0.0,0.09999999999999999,3
409,1,0,0,0,1,1,0,0,0,0,0,0,1,1,0.0,0.09999999999999999,1
410,0,0,0,0,0,0,1,0,1,1,0,0,1,1,0.0,0.09999999999999999,1
411,0,0,0,1,0,1,0,0,1,0,1,0,0,1,0.0,0.09999999999999999,1
412,0,0,0,0,0,1,0,1,1,1,1,0,0,0,0.0,0.09999999999999999,1
413,0,1,0,0,0,1,1,0,1,1,0,0,0,0,0.0,0.09999999999999999,1
414,0,0,0,0,0,0,0,1,1,0,0,1,1,1,0.0,0.09999999999999999,2
415,1,0,1,0,1,1,0,1,0,0,0,0,0,0,0.0,0.09999999999999999,2
416,0,0,0,0,0,0,0,1,1,0,1,0,1,1,0.0,0.09999999999999999,1
417,1,1,1,0,1,0,0,0,0,0,0,0,1,0,0.0,0.09999999999999999,1
418,1,0,0,0,1,0,1,0,0,0,1,1,0,0,0.0,0.09999999999999999,1
419,1,1,0,0,1,0,1,0,0,0,0,0,1,0,0.0,0.09999999999999999,1
420,1,0,1,1,1,0,0,0,0,0,0,1,0,0,0.0,0.09999999999999999,1
421,0,1,0,0,0,1,1,0,1,0,0,0,0,1,0.0,0.09999999999999999,1
422,1,0,0,1,1,0,1,0,0,0,1,0,0,0,0.0,0.09999999999999999,1
423,0,1,0,0,0,0,0,0,1,0,0,1,1,1,0.0,0.09999999999999999,1
424,0,1,0,1,0,1,0,0,1,0,0,0,0,1,0.0,0.09999999999999999,1
425,1,1,1,0,1,1,0,0,0,0,0,0,0,0,0.0,0.09999999999999999,1
426,1,1,0,0,1,1,1,0,0,0,0,0,0,0,0.0,0.09999999999999999,1
427,0,0,0,0,0,0,0,1,1,1,1,0,1,0,0.0,0.09999999999999999,2
428,0,1,0,0,0,0,0,0,1,1,0,1,1,0,0.0,0.09999999999999999,1
429,0,1,0,0,0,0,0,0,1,1,0,1,0,1,0.0,0.09999999999999999,2
430,0,1,1,0,0,0,0,0,0,1,0,1,1,0,0.0,0.09999999999999999,1
431,1,0,0,1,0,0,0,1,1,0,0,0,0,1,0.0,0.09999999999999999,1
432,0,0,0,1,0,1,0,1,0,1,1,0,0,0,0.0,0.09999999999999999,1
433,0,1,0,0,0,1,1,0,0,0,0,0,1,1,0.0,0.09999999999999999,1
434,0,0,1,0,0,0,0,1,0,1,0,1,1,0,0.0,0.09999999999999999,1
435,0,1,0,0,0,0,1,0,1,1,0,0,1,0,0.0,0.09999999999999999,1
436,0,1,0,0,0,0,1,0,1,0,0,1,1,0,0.0,0.09999999999999999,1
437,0,0,0,0,0,0,0,1,0,1,1,1,1,0,0.0,0.09999999999999999,1
438,0,0,0,1,0,1,0,1,1,1,0,0,0,0,0.0,0.09999999999999999,1
439,0,0,0,1,0,1,0,1,1,0,1,0,0,0,0.0,0.09999999999999999,1
440,1,0,0,1,0,0,0,1,0,0,1,1,0,0,0.0,0.09999999999999999,1
441,0,1,1,0,1,1,0,0,0,0,0,0,1,0,0.0,0.09999999999999999,2
442,0,1,0,1,0,1,0,0,1,1,0,0,0,0,0.0,0.09999999999999999,1
443,1,0,0,0,0,0,0,1,1,0,0,1,0,1,0.0,0.09999999999999999,2
444,1,0,0,0,0,1,0,0,0,0,1,0,1,1,0.0,0.09999999999999999,1
445,0,1,1,1,0,0,1,0,0,0,0,1,0,0,0.0,0.09999999999999999,1
446,0,1,1,0,0,1,1,0,0,0,0,0,1,0,0.0,0.09999999999999999,1
447,1,0,0,0,1,0,0,1,0,0,1,1,0,0,0.0,0.09999999999999999,1
448,0,1,1,1,0,0,0,0,0,1,0,1,0,0,0.0,0.09999999999999999,1
449,0,1,0,1,0,0,0,0,1,0,0,1,0,1,0.0,0.09999999999999999,1
450,0,1,0,0,0,0,1,0,1,1,0,1,0,0,0.0,0.09999999999999999,2
451,1,0,0,0,0,0,0,1,1,0,1,0,1,0,0.0,0.09999999999999999,2
452,0,1,1,0,1,1,0,0,0,1,0,0,0,0,0.0,0.09999999999999999,1
453,0,1,0,0,1,0,1,0,0,0,0,1,1,0,0.0,0.09999999999999999,1
454,1,0,0,1,0,1,0,1,1,0,0,0,0,0,0.0,0.09999999999999999,1
455,1,0,0,0,0,1,1,0,0,0,1,0,1,0,0.0,0.09999999999999999,1
456,0,1,0,0,1,0,1,0,0,1,0,0,1,0,0.0,0.09999999999999999,1
457,1,0,0,0,0,0,0,1,0,0,1,0,1,1,0.0,0.09999999999999999,1
458,1,0,0,0,0,0,0,1,1,0,0,0,1,1,0.0,0.09999999999999999,1
459,0,0,0,0,0,1,0,0,1,1,0,0,1,1,0.0,0.09999999999999999,3
460,0,0,0,0,0,1,0,0,1,0,1,0,1,1,0.0,0.09999999999999999,1
461,0,1,1,0,1,0,0,0,0,0,0,1,1,0,0.0,0.09999999999999999,1
462,1,0,1,0,0,1,1,0,0,0,0,0,1,0,0.0,0.09999999999999999,2
463,1,0,0,0,0,1,1,0,1,0,0,0,1,0,0.0,0.09999999999999999,1
464,1,0,1,0,0,0,0,1,0,0,0,1,1,0,0.0,0.09999999999999999,1
465,1,0,0,0,0,1,1,0,0,0,0,0,1,1,0.0,0.09999999999999999,1
466,0,1,0,0,1,0,0,0,0,1,0,1,1,0,0.0,0.09999999999999999,1
467,0,0,0,0,0,1,1,0,1,0,0,0,1,1,0.0,0.09999999999999999,1
468,0,0,1,0,0,1,1,0,0,1,0,0,1,0,0.0,0.09999999999999999,1
469,0,0,0,0,0,1,1,0,1,0,1,0,1,0,0.0,0.09999999999999999,1
470,0,0,0,0,0,1,0,0,1,1,1,0,1,0,0.0,0.09999999999999999,1
471,1,1,0,1,1,0,0,0,0,0,0,1,0,0,0.0,0.09999999999999999,1
472,0,0,0,0,0,1,0,1,1,0,0,0,1,1,0.0,0.09999999999999999,1
473,0,0,0,0,0,1,0,1,1,0,1,0,1,0,0.0,0.09999999999999999,1
474,1,1,1,0,1,0,0,0,0,0,0,1,0,0,0.0,0.09999999999999999,1
475,1,0,0,0,0,1,0,1,1,0,0,0,1,0,0.0,0.09999999999999999,3
476,0,1,0,1,1,0,1,0,0,0,0,1,0,0,0.0,0.09999999999999999,1
477,0,1,0,1,1,0,1,0,0,1,0,0,0,0,0.0,0.09999999999999999,1
478,0,1,1,0,1,0,1,0,0,0,0,1,0,0,0.0,0.09999999999999999,1
479,1,1,0,1,0,1,1,0,0,0,0,0,0,1,0.0,0.15,1
480,1,1,0,0,0,0,1,0,0,0,0,1,1,1,0.0,0.15,1
481,0,0,0,0,1,0,0,1,0,1,0,1,1,1,0.0,0.15,1
482,0,0,0,0,1,0,0,1,0,0,1,1,1,1,0.0,0.15,1
483,1,0,0,1,0,0,1,0,1,0,0,1,0,1,0.0,0.15,2
484,1,0,0,0,0,0,1,0,1,0,1,1,0,1,0.0,0.15,1
485,1,1,0,1,0,1,1,0,1,0,0,0,0,0,0.0,0.15,1
486,0,0,1,0,1,1,0,1,0,1,0,0,1,0,0.0,0.15,1
487,0,0,0,0,1,1,0,1,0,1,1,0,1,0,0.0,0.15,2
488,0,0,0,1,0,0,1,0,1,0,1,1,0,1,0.0,0.15,1
489,1,1,0,1,0,0,1,0,1,0,0,1,0,0,0.0,0.15,1
490,0,0,0,1,1,0,0,1,0,1,1,1,0,0,0.0,0.15,1
491,1,1,1,1,0,1,1,0,0,0,0,0,0,0,0.0,0.15,2
492,1,1,0,0,0,0,1,0,1,0,0,1,1,0,0.0,0.15,1
493,1,1,0,0,0,0,0,0,1,0,0,1,1,1,0.0,0.15,2
494,1,1,0,1,0,0,1,0,0,0,0,1,0,1,0.0,0.15,2
495,1,0,0,1,0,0,1,0,1,0,1,1,0,0,0.0,0.15,1
496,1,1,1,0,0,0,1,0,0,0,0,1,1,0,0.0,0.15,3
497,1,1,0,0,0,1,0,0,1,0,0,0,1,1,0.0,0.15,3
498,1,1,1,0,0,1,1,0,0,0,0,0,1,0,0.0,0.15,1
499,0,0,1,1,1,0,0,1,0,1,0,1,0,0,0.0,0.15,1
500,0,0,1,0,1,0,1,0,0,1,0,1,1,0,0.0,0.15,1
501,1,0,0,0,1,0,1,0,0,0,0,1,1,1,0.0,0.15,1
502,0,0,0,0,1,0,1,0,0,0,1,1,1,1,0.0,0.15,1
503,1,1,1,0,1,1,0,0,0,0,0,0,1,0,0.0,0.15,1
504,1,0,0,0,0,1,1,0,1,0,1,0,0,1,0.0,0.15,2
505,0,0,0,1,0,0,0,1,1,1,1,0,0,1,0.0,0.15,1
506,1,0,0,0,0,0,1,0,1,0,1,0,1,1,0.0,0.15,1
507,1,0,0,0,1,0,0,0,0,0,1,1,1,1,0.0,0.15,2
508,0,0,0,1,1,1,0,0,0,1,1,0,0,1,0.0,0.15,1
509,1,0,0,0,1,1,1,0,0,0,1,0,0,1,0.0,0.15,1
510,1,0,1,1,1,1,1,0,0,0,0,0,0,0,0.0,0.15,1
511,0,0,0,0,0,0,1,0,1,1,0,1,1,1,0.0,0.15,2
512,0,0,0,1,0,0,0,1,0,1,1,1,0,1,0.0,0.15,1
513,1,0,0,0,0,0,1,0,1,0,1,1,1,0,0.0,0.15,1
514,1,0,0,0,0,0,0,0,1,0,1,1,1,1,0.0,0.15,1
515,0,0,0,0,1,1,1,0,0,1,0,0,1,1,0.0,0.15,1
516,1,0,0,1,0,1,0,0,1,0,1,0,0,1,0.0,0.15,1
517,0,0,0,1,1,1,1,0,0,0,1,0,0,1,0.0,0.15,1
518,0,0,0,0,0,0,0,0,1,1,1,1,1,1,0.0,0.15,1
519,0,0,0,0,0,0,1,0,1,1,1,0,1,1,0.0,0.15,1
520,0,0,0,1,0,1,1,0,1,1,0,0,0,1,0.0,0.15,1
521,1,0,1,0,1,0,1,0,0,0,0,1,1,0,0.0,0.15,1
522,0,0,0,1,1,0,1,0,0,1,1,1,0,0,0.0,0.15,1
523,1,0,0,1,1,0,1,0,0,0,1,0,0,1,0.0,0.15,1
524,1,1,0,1,1,1,1,0,0,0,0,0,0,0,0.0,0.15,1
525,1,0,0,0,1,0,0,1,0,0,1,1,1,0,0.0,0.15,1
526,0,1,0,1,0,1,0,0,1,1,0,0,0,1,0.0,0.15,1
527,0,1,0,0,0,0,1,0,1,1,0,1,1,0,0.0,0.15,1
528,0,0,0,0,0,0,0,1,1,1,1,0,1,1,0.0,0.15,1
529,1,0,0,0,1,1,0,1,0,0,1,0,0,1,0.0,0.15,2
530,0,0,0,0,0,0,0,1,1,0,1,1,1,1,0.0,0.15,1
531,0,0,0,0,0,0,0,1,0,1,1,1,1,1,0.0,0.15,1
532,0,1,0,0,0,0,1,0,1,1,0,0,1,1,0.0,0.15,2
533,1,1,0,0,1,1,1,0,0,0,0,0,0,1,0.0,0.15,1
534,1,0,0,0,1,1,1,0,0,0,0,0,1,1,0.0,0.15,2
535,0,0,0,0,0,0,0,1,1,1,1,1,1,0,0.0,0.15,1
536,1,0,0,0,1,1,0,1,0,0,0,0,1,1,0.0,0.15,1
537,1,0,0,1,1,0,0,1,0,0,1,0,0,1,0.0,0.15,1
538,1,0,1,0,1,0,0,1,0,0,0,1,1,0,0.0,0.15,1
539,0,1,0,0,0,1,0,0,1,1,0,0,1,1,0.0,0.15,1
540,0,0,0,1,0,1,0,1,1,1,1,0,0,0,0.0,0.15,1
541,0,1,0,0,0,0,1,0,1,1,0,1,0,1,0.0,0.15,1
542,0,1,0,0,0,1,1,0,1,0,0,0,1,1,0.0,0.15,1
543,0,1,0,0,1,1,1,0,0,1,0,0,0,1,0.0,0.15,1
544,0,1,0,1,1,1,0,0,0,1,0,0,0,1,0.0,0.15,1
545,0,1,0,1,0,0,1,0,1,0,0,1,0,1,0.0,0.15,1
546,1,0,0,0,1,1,0,1,0,0,1,0,1,0,0.0,0.15,1
547,1,0,1,1,1,0,0,1,0,0,0,1,0,0,0.0,0.15,2
548,1,0,0,1,0,1,0,1,1,0,0,0,0,1,0.0,0.15,1
549,1,0,0,0,0,0,0,1,1,0,0,1,1,1,0.0,0.15,1
550,1,0,0,0,0,1,1,0,0,0,1,0,1,1,0.0,0.15,1
551,0,1,0,0,1,0,1,0,0,1,0,1,1,0,0.0,0.15,1
552,1,0,0,1,0,1,0,1,1,0,1,0,0,0,0.0,0.15,1
553,0,0,0,0,0,1,0,0,1,1,1,0,1,1,0.0,0.15,5
554,1,0,0,0,0,1,1,0,1,0,1,0,1,0,0.0,0.15,1
555,1,1,0,1,1,0,1,0,0,0,0,0,0,1,0.0,0.15,1
556,0,0,0,0,0,1,0,1,1,1,1,0,1,0,0.0,0.15,2
557,1,1,1,0,1,0,1,0,0,0,0,1,0,0,0.0,0.15,3
558,0,1,1,1,1,0,1,0,0,0,0,1,0,0,0.0,0.15,1
559,1,0,0,0,0,1,0,1,1,0,1,0,1,0,0.0,0.15,1
560,0,0,0,1,1,1,0,1,0,1,1,0,0,1,0.0,0.21000000000000005,1
561,0,0,0,0,1,0,0,1,0,1,1,1,1,1,0.0,0.21000000000000005,2
562,1,1,0,1,0,1,1,0,1,0,0,0,0,1,0.0,0.21000000000000005,2
563,1,1,0,1,0,0,1,0,1,0,0,1,0,1,0.0,0.21000000000000005,2
564,0,0,0,0,1,0,1,0,0,1,1,1,1,1,0.0,0.21000000000000005,1
565,1,1,0,0,0,1,1,0,1,0,0,0,1,1,0.0,0.21000000000000005,2
566,1,0,0,1,1,1,1,0,0,0,1,0,0,1,0.0,0.21000000000000005,2
567,1,0,0,1,0,1,1,0,1,0,1,0,0,1,0.0,0.21000000000000005,1
568,0,0,0,0,1,1,1,0,0,1,1,0,1,1,0.0,0.21000000000000005,1
569,0,0,0,0,0,0,1,0,1,1,1,1,1,1,0.0,0.21000000000000005,2
570,0,0,0,1,1,0,1,0,0,1,1,1,0,1,0.0,0.21000000000000005,1
571,0,1,0,0,0,0,1,0,1,1,0,1,1,1,0.0,0.21000000000000005,1
572,0,1,0,0,0,1,1,0,1,1,0,0,1,1,0.0,0.21000000000000005,1
573,1,1,0,1,1,0,1,0,0,0,0,1,0,1,0.0,0.21000000000000005,1
574,1,0,0,0,0,1,0,1,1,0,1,0,1,1,0.0,0.21000000000000005,1
575,0,1,1,1,1,0,1,0,0,1,0,1,0,0,0.0,0.21000000000000005,1
576,0,0,0,0,1,0,0,0,1,0,0,0,0,0,0.0,50.0,2
577,0,0,1,0,0,0,0,0,0,1,1,0,0,0,0.0,50.019999999999996,1
578,0,0,1,1,0,0,0,0,0,0,0,0,0,1,0.0,50.019999999999996,1
579,0,0,1,0,0,0,0,1,0,0,0,0,0,1,0.0,50.019999999999996,1
580,0,0,1,1,0,0,0,0,1,0,0,0,0,0,0.0,50.019999999999996,1
581,0,0,1,0,0,1,0,0,1,0,0,0,0,0,0.0,50.019999999999996,1
582,0,0,1,0,0,0,0,0,0,0,0,0,1,1,0.0,50.019999999999996,1
583,0,0,0,1,0,0,0,1,0,0,0,0,1,0,0.0,50.019999999999996,1
584,0,1,0,0,0,1,0,0,0,0,1,0,0,0,0.0,50.019999999999996,1
585,1,0,1,0,0,0,0,0,0,0,0,1,0,1,0.0,50.05,1
586,0,0,0,0,1,0,0,1,1,1,0,0,0,0,0.0,50.04999999999999,1
587,1,0,1,0,0,0,1,0,0,0,1,0,0,0,0.0,50.05,1
588,1,1,0,1,0,0,0,0,0,0,1,0,0,0,0.0,50.05,1
589,0,0,0,0,1,1,1,0,0,0,0,1,0,0,0.0,50.05,1
590,0,0,1,1,0,0,1,0,1,0,0,0,0,0,0.0,50.05,1
591,1,0,0,0,0,0,0,0,0,1,0,0,1,1,0.0,50.04999999999999,1
592,1,0,0,0,1,1,0,0,0,0,0,1,0,0,0.0,50.05,1
593,1,0,0,0,1,1,0,0,1,0,0,0,0,0,0.0,50.05,1
594,0,0,0,1,0,0,0,0,1,0,0,1,1,0,0.0,50.05,2
595,0,0,1,0,0,0,0,1,1,0,0,1,0,0,0.0,50.04999999999999,1
596,1,0,0,1,0,0,0,0,1,0,0,0,1,0,0.0,50.05,1
597,0,0,0,1,0,0,0,0,1,0,0,0,1,1,0.0,50.04999999999999,1
598,1,0,0,1,1,0,0,0,0,0,0,0,1,0,0.0,50.05,1
599,0,0,0,0,0,1,0,0,1,0,1,1,0,0,0.0,50.05,2
600,0,0,0,1,1,0,1,0,1,0,0,0,0,0,0.0,50.05,1
601,1,0,0,1,1,0,0,0,0,1,0,0,0,0,0.0,50.05,1
602,0,0,0,1,1,0,0,0,1,1,0,0,0,0,0.0,50.05,1
603,0,0,0,0,1,1,0,0,1,0,0,0,1,0,0.0,50.04999999999999,1
604,0,0,1,1,0,0,0,0,0,0,0,1,1,0,0.0,50.05,1
605,1,1,1,0,0,0,0,1,0,0,0,0,0,0,0.0,50.05,1
606,0,0,1,1,0,0,0,0,0,1,0,0,1,0,0.0,50.05,1
607,0,1,1,0,0,0,0,0,1,0,0,0,1,0,0.0,50.05,1
608,0,0,1,0,0,0,0,1,0,0,1,0,1,0,0.0,50.04999999999999,1
609,0,1,1,1,0,0,0,0,1,0,0,0,0,0,0.0,50.05,1
610,0,1,0,1,0,1,0,0,0,0,0,0,1,0,0.0,50.05,1
611,1,0,0,1,0,0,0,1,0,0,0,0,1,0,0.0,50.05,1
612,0,0,0,1,0,1,0,0,0,0,0,0,1,1,0.0,50.04999999999999,1
613,0,0,0,1,0,1,0,0,1,0,0,0,1,0,0.0,50.05,2
614,0,0,0,0,0,1,0,1,0,0,0,1,1,0,0.0,50.04999999999999,1
615,0,1,0,0,1,0,1,0,1,0,0,0,0,0,0.0,50.05,1
616,0,0,1,0,1,1,0,1,0,0,0,0,0,1,0.0,50.089999999999996,1
617,0,0,0,1,1,0,0,1,0,0,0,1,1,0,0.0,50.089999999999996,1
618,1,1,1,0,0,0,0,0,1,0,0,0,1,0,0.0,50.08999999999999,1
619,1,1,0,0,0,0,1,0,0,1,0,0,1,0,0.0,50.08999999999999,1
620,0,0,0,1,1,1,0,1,0,0,0,0,1,0,0.0,50.089999999999996,1
621,0,0,0,0,1,0,1,1,0,1,0,1,0,0,0.0,50.08999999999999,1
622,1,0,0,0,0,1,0,0,1,1,1,0,0,0,0.0,50.08999999999999,1
623,0,0,0,0,0,0,1,1,1,0,0,1,0,1,0.0,50.08999999999998,1
624,0,0,0,0,1,1,1,0,0,1,0,1,0,0,0.0,50.089999999999996,1
625,1,0,0,1,0,1,0,0,0,0,0,1,0,1,0.0,50.08999999999999,1
626,0,0,1,1,1,0,0,1,0,0,1,0,0,0,0.0,50.089999999999996,1
627,1,1,0,0,0,0,1,0,1,1,0,0,0,0,0.0,50.089999999999996,1
628,1,1,0,0,0,1,0,0,0,0,0,1,1,0,0.0,50.08999999999999,1
629,1,0,1,0,0,0,0,0,0,0,0,1,1,1,0.0,50.089999999999996,1
630,0,0,1,0,0,1,1,0,0,1,0,0,0,1,0.0,50.089999999999996,1
631,1,0,0,0,0,0,1,0,1,1,0,0,1,0,0.0,50.08999999999999,1
632,1,0,0,1,1,0,0,0,0,0,0,0,1,1,0.0,50.08999999999999,1
633,1,1,0,0,0,0,0,1,1,0,0,0,1,0,0.0,50.08999999999999,1
634,0,0,1,0,1,0,1,0,0,0,1,0,1,0,0.0,50.08999999999999,1
635,0,0,1,1,1,1,0,0,0,0,1,0,0,0,0.0,50.089999999999996,1
636,0,0,1,0,0,0,1,0,0,0,0,1,1,1,0.0,50.089999999999996,1
637,0,0,1,1,0,0,0,1,1,1,0,0,0,0,0.0,50.08999999999999,1
638,0,1,0,0,0,0,0,1,1,0,0,0,1,1,0.0,50.08999999999998,1
639,1,0,0,1,0,0,0,0,1,0,1,0,1,0,0.0,50.089999999999996,1
640,0,0,0,0,1,0,1,0,1,0,0,1,0,1,0.0,50.08999999999998,1
641,0,0,1,0,0,0,0,0,0,1,1,1,1,0,0.0,50.08999999999998,1
642,0,0,0,0,1,0,0,0,1,1,0,1,0,1,0.0,50.08999999999998,1
643,0,0,0,0,1,0,1,0,1,0,1,1,0,0,0.0,50.08999999999998,1
644,0,0,0,1,0,1,1,0,1,0,0,1,0,0,0.0,50.089999999999996,1
645,0,1,0,0,0,0,0,0,1,1,1,0,1,0,0.0,50.08999999999999,1
646,1,0,0,0,0,0,0,1,1,1,0,0,0,1,0.0,50.08999999999999,1
647,0,1,0,0,0,1,1,0,1,0,0,1,0,0,0.0,50.089999999999996,1
648,0,1,1,0,0,0,0,0,0,1,0,0,1,1,0.0,50.089999999999996,1
649,0,0,0,0,0,1,0,1,1,0,0,1,0,1,0.0,50.08999999999999,1
650,0,1,0,1,0,1,1,0,0,0,0,1,0,0,0.0,50.089999999999996,1
651,1,0,0,0,0,0,0,1,1,1,0,1,0,0,0.0,50.08999999999999,1
652,0,1,1,1,0,0,1,0,0,0,0,0,1,0,0.0,50.089999999999996,1
653,0,0,0,1,0,0,0,1,0,0,1,1,1,0,0.0,50.089999999999996,1
654,0,0,0,1,0,0,0,1,1,0,1,0,1,0,0.0,50.089999999999996,1
655,0,1,0,1,0,0,1,0,1,0,0,0,1,0,0.0,50.089999999999996,1
656,0,1,0,1,0,1,0,0,0,0,0,0,1,1,0.0,50.08999999999999,1
657,0,1,1,1,0,0,1,0,1,0,0,0,0,0,0.0,50.089999999999996,1
658,0,1,0,0,1,0,0,0,0,0,1,1,1,0,0.0,50.08999999999998,1
659,0,0,1,0,0,1,0,1,0,0,0,0,1,1,0.0,50.089999999999996,1
660,0,1,0,1,0,0,0,0,1,0,1,1,0,0,0.0,50.08999999999999,1
661,1,0,1,0,0,0,0,1,1,0,0,0,1,0,0.0,50.08999999999999,1
662,0,0,1,0,0,1,0,1,0,0,1,0,1,0,0.0,50.08999999999999,1
663,0,0,0,1,0,1,0,1,0,0,0,0,1,1,0.0,50.08999999999999,1
664,1,1,0,0,1,0,1,0,0,1,0,0,0,0,0.0,50.089999999999996,1
665,0,0,0,1,0,1,0,0,1,0,0,0,1,1,0.0,50.08999999999999,1
666,0,0,1,1,0,1,0,0,0,1,0,0,1,0,0.0,50.089999999999996,1
667,0,0,0,1,0,1,0,1,1,0,0,0,1,0,0.0,50.089999999999996,1
668,0,1,0,0,1,0,0,0,0,1,1,1,0,0,0.0,50.08999999999999,1
669,1,1,0,1,0,0,1,0,0,0,0,1,1,0,0.0,50.13999999999999,1
670,1,0,0,0,0,0,1,0,1,1,1,0,0,1,0.0,50.13999999999998,1
671,0,0,1,0,1,1,0,1,0,1,1,0,0,0,0.0,50.13999999999999,1
672,0,0,0,0,1,0,0,1,1,0,1,1,1,0,0.0,50.13999999999997,1
673,1,1,0,0,0,1,1,0,0,0,1,0,1,0,0.0,50.139999999999986,1
674,0,0,0,1,1,0,1,1,0,0,1,1,0,0,0.0,50.13999999999998,1
675,1,1,0,0,0,0,1,0,1,0,1,0,1,0,0.0,50.139999999999986,1
676,1,1,1,0,0,0,1,0,0,0,0,0,1,1,0.0,50.13999999999999,1
677,1,1,0,1,0,0,1,0,1,0,0,0,1,0,0.0,50.13999999999999,1
678,1,1,1,1,0,0,1,0,1,0,0,0,0,0,0.0,50.13999999999999,2
679,1,1,1,1,0,0,1,0,0,0,0,0,0,1,0.0,50.13999999999999,1
680,1,1,0,0,0,0,1,0,0,1,0,1,1,0,0.0,50.13999999999998,1
681,1,1,0,0,1,1,0,1,0,0,0,0,1,0,0.0,50.139999999999986,1
682,0,0,0,0,1,1,0,0,1,1,1,0,0,1,0.0,50.13999999999997,1
683,0,0,0,0,1,0,0,0,1,1,1,0,1,1,0.0,50.13999999999997,1
684,1,0,1,1,0,1,1,0,0,0,0,0,0,1,0.0,50.13999999999999,1
685,1,0,0,1,0,1,0,0,1,0,0,1,0,1,0.0,50.139999999999986,1
686,1,0,0,1,0,0,0,0,1,0,1,1,1,0,0.0,50.13999999999999,2
687,1,0,0,1,1,1,0,0,0,1,1,0,0,0,0.0,50.139999999999986,1
688,0,0,1,1,1,1,1,0,0,0,0,0,0,1,0.0,50.13999999999999,1
689,1,1,0,0,0,0,1,0,1,0,1,1,0,0,0.0,50.139999999999986,1
690,1,0,0,1,0,0,1,0,1,0,1,0,1,0,0.0,50.13999999999999,1
691,0,0,1,0,1,0,1,0,0,1,1,0,1,0,0.0,50.139999999999986,1
692,0,0,1,1,1,0,1,0,0,0,0,1,1,0,0.0,50.13999999999999,1
693,0,0,0,1,1,0,1,0,0,0,1,1,1,0,0.0,50.13999999999999,1
694,0,0,1,1,1,1,0,0,0,1,0,0,0,1,0.0,50.13999999999999,1
695,0,0,1,0,1,0,1,0,0,0,1,1,1,0,0.0,50.13999999999998,1
696,1,0,1,1,0,1,1,0,1,0,0,0,0,0,0.0,50.13999999999999,2
697,0,0,0,1,0,0,0,0,0,1,1,1,1,1,0.0,50.139999999999986,1
698,0,0,1,0,0,0,1,0,1,1,0,1,1,0,0.0,50.13999999999997,1
699,1,0,0,1,1,0,0,0,0,1,1,0,0,1,0.0,50.13999999999998,1
700,0,1,0,0,0,1,1,0,1,1,0,1,0,0,0.0,50.13999999999999,1
701,0,0,0,1,0,1,0,0,1,1,1,1,0,0,0.0,50.13999999999999,1
702,0,0,0,0,1,1,1,0,1,0,1,0,1,0,0.0,50.13999999999998,1
703,1,1,0,1,1,0,1,0,0,0,0,0,1,0,0.0,50.13999999999999,1
704,0,1,0,1,0,0,0,0,0,1,0,1,1,1,0.0,50.139999999999986,1
705,0,0,1,1,1,1,1,0,0,0,0,0,1,0,0.0,50.13999999999999,1
706,1,1,0,0,1,1,0,0,1,0,0,0,0,1,0.0,50.139999999999986,1
707,0,1,0,0,0,0,0,0,1,0,1,1,1,1,0.0,50.13999999999997,1
708,0,1,0,0,0,1,1,0,0,1,0,1,0,1,0.0,50.139999999999986,1
709,0,1,0,1,1,1,0,0,0,0,0,0,1,1,0.0,50.139999999999986,2
710,0,0,1,1,0,1,1,0,1,1,0,0,0,0,0.0,50.139999999999986,1
711,0,1,0,0,0,0,0,1,1,0,0,1,1,1,0.0,50.13999999999997,1
712,1,0,0,1,0,0,0,1,0,1,1,0,0,1,0.0,50.13999999999998,1
713,0,1,0,0,0,0,1,0,1,1,1,0,1,0,0.0,50.139999999999986,1
714,0,1,0,1,0,0,1,0,1,1,0,0,1,0,0.0,50.13999999999999,1
715,1,0,0,0,1,0,0,1,1,0,1,0,1,0,0.0,50.13999999999998,1
716,0,1,1,1,0,0,1,0,0,0,0,1,0,1,0.0,50.13999999999999,1
717,0,1,0,1,0,1,0,0,1,1,1,0,0,0,0.0,50.13999999999999,1
718,0,0,0,1,0,0,0,1,1,0,1,1,1,0,0.0,50.13999999999999,1
719,0,1,1,0,0,1,1,0,1,0,0,0,1,0,0.0,50.139999999999986,1
720,0,0,1,0,0,0,0,1,0,1,1,1,1,0,0.0,50.13999999999998,2
721,1,0,0,0,0,1,0,0,1,1,1,0,1,0,0.0,50.13999999999998,1
722,1,0,0,0,0,1,0,1,1,1,1,0,0,0,0.0,50.139999999999986,1
723,1,0,0,0,0,1,1,0,1,0,0,1,1,0,0.0,50.139999999999986,1
724,0,1,0,1,1,1,1,0,0,0,0,1,0,0,0.0,50.14,1
725,1,0,0,1,0,1,1,0,0,0,1,0,1,0,0.0,50.13999999999999,1
726,0,0,0,0,0,1,1,0,1,0,1,1,1,0,0.0,50.139999999999986,1
727,0,1,0,0,1,0,1,0,1,1,0,0,1,0,0.0,50.13999999999998,2
728,0,1,0,0,1,0,0,0,0,1,1,1,1,0,0.0,50.13999999999998,1
729,0,0,1,0,0,1,1,0,0,1,0,0,1,1,0.0,50.13999999999999,1
730,0,0,1,1,0,1,1,0,0,1,0,0,1,0,0.0,50.13999999999999,1
731,0,1,0,1,1,0,0,0,0,0,1,1,0,1,0.0,50.13999999999998,1
732,1,0,1,0,0,1,0,1,1,0,0,0,1,0,0.0,50.139999999999986,1
733,1,1,0,0,0,1,1,0,1,0,1,0,0,1,0.0,50.19999999999998,1
734,1,1,0,1,0,1,1,0,0,1,0,0,0,1,0.0,50.19999999999998,1
735,0,0,0,0,1,1,0,1,0,0,1,1,1,1,0.0,50.199999999999974,1
736,1,1,0,0,0,0,1,0,1,0,1,0,1,1,0.0,50.199999999999974,1
737,1,1,1,0,0,1,1,0,1,0,0,0,1,0,0.0,50.19999999999998,1
738,0,0,0,0,1,0,1,0,1,0,1,1,1,1,0.0,50.19999999999996,1
739,1,1,0,0,0,0,1,0,1,0,1,1,1,0,0.0,50.199999999999974,1
740,1,1,1,0,1,1,0,1,0,0,0,0,1,0,0.0,50.19999999999998,1
741,1,1,0,1,0,1,0,1,1,0,0,0,0,1,0.0,50.199999999999974,1
742,1,0,0,1,1,1,1,0,0,0,0,1,0,1,0.0,50.19999999999999,1
743,1,0,0,1,0,1,1,0,1,1,1,0,0,0,0.0,50.19999999999998,1
744,1,0,0,0,1,0,1,0,1,0,1,1,1,0,0.0,50.19999999999997,1
745,1,0,0,0,0,0,1,0,1,1,0,1,1,1,0.0,50.19999999999997,1
746,1,0,0,1,1,1,1,0,1,0,0,0,0,1,0.0,50.19999999999998,1
747,0,0,0,1,0,1,1,0,1,1,1,1,0,0,0.0,50.19999999999999,1
748,1,0,0,0,1,0,1,0,0,1,1,1,0,1,0.0,50.19999999999997,1
749,1,0,0,1,1,1,0,0,0,0,1,0,1,1,0.0,50.19999999999998,1
750,0,0,0,0,0,1,0,1,1,1,1,1,0,1,0.0,50.19999999999998,1
751,1,1,1,0,1,1,1,0,0,0,0,0,0,1,0.0,50.199999999999996,1
752,0,0,0,0,1,1,1,0,1,1,1,0,1,0,0.0,50.19999999999997,1
753,0,0,0,0,0,0,1,1,1,1,1,1,1,0,0.0,50.19999999999996,1
754,0,1,0,0,0,1,1,0,1,1,1,0,1,0,0.0,50.19999999999998,1
755,1,0,0,0,1,1,0,1,0,0,1,1,1,0,0.0,50.19999999999998,1
756,0,1,0,0,0,0,1,0,1,0,1,1,1,1,0.0,50.19999999999997,1
757,1,0,1,0,1,1,1,0,0,0,1,0,1,0,0.0,50.19999999999998,1
758,0,1,0,1,1,1,1,0,0,1,0,0,1,0,0.0,50.19999999999999,1
759,0,1,1,1,0,0,1,0,0,1,0,1,1,0,0.0,50.199999999999996,1
760,1,0,0,0,0,1,0,0,1,0,1,1,1,1,0.0,50.199999999999974,1
761,1,1,0,1,1,0,1,0,0,1,0,1,0,0,0.0,50.19999999999998,1
762,0,1,1,1,1,0,1,0,0,0,0,1,1,0,0.0,50.199999999999996,1
763,1,0,0,0,0,1,1,1,1,0,1,0,0,1,0.0,50.19999999999997,1
764,0,1,0,1,1,1,1,0,0,0,0,1,0,1,0.0,50.19999999999999,1
765,0,0,0,0,0,1,1,0,1,0,1,1,1,1,0.0,50.199999999999974,1
766,0,1,0,1,1,1,1,0,1,0,0,0,0,1,0.0,50.19999999999998,1
767,1,1,0,0,1,0,1,0,1,0,0,1,0,1,0.0,50.199999999999974,1
768,0,0,0,1,0,1,0,1,0,1,1,0,1,1,0.0,50.19999999999998,1
769,1,0,0,0,1,1,0,1,0,1,1,0,1,1,0.0,50.26999999999996,1
770,0,0,0,1,0,1,0,1,1,1,1,1,0,1,0.0,50.269999999999975,1
771,0,0,0,1,0,0,0,1,1,1,1,1,1,1,0.0,50.269999999999975,1
772,0,1,0,0,1,0,1,0,1,1,0,1,1,1,0.0,50.26999999999995,1
773,0,0,0,0,0,1,0,1,1,1,1,1,1,1,0.0,50.26999999999997,1
774,0,1,0,0,1,0,0,1,0,0,1,0,1,0,0.0,100.08000000000003,1
775,1,0,0,1,0,0,0,0,0,1,1,0,1,0,0.0,100.08,1
776,1,1,0,0,0,0,0,1,1,1,0,0,0,0,0.0,100.08000000000001,1
777,0,0,1,1,0,1,0,0,1,0,0,1,0,0,0.0,100.08,1
778,0,1,0,0,0,0,1,1,1,0,0,0,1,0,0.0,100.08000000000003,1
779,1,0,1,0,0,0,1,0,1,1,0,1,0,0,0.0,100.13000000000004,1
780,0,0,1,1,1,0,0,1,1,1,0,0,0,0,0.0,100.13000000000002,1
781,1,0,1,1,0,1,0,0,1,0,1,0,0,0,0.0,100.13000000000001,1
782,1,0,1,0,1,1,0,1,1,0,0,0,0,0,0.0,100.13000000000001,1
783,0,1,0,0,0,0,1,1,1,1,0,0,1,0,0.0,100.13000000000005,1
784,1,0,1,0,0,0,1,0,0,0,1,0,1,1,0.0,100.13000000000001,1
785,0,0,1,0,0,0,1,0,0,0,1,1,1,1,0.0,100.13,1
786,0,1,1,1,0,0,0,0,1,0,0,1,1,0,0.0,100.13,1
787,0,0,1,0,0,1,0,0,1,1,0,0,1,1,0.0,100.13,1
788,1,1,0,0,0,1,0,0,1,0,1,1,0,1,0.0,100.19000000000003,1
789,1,1,1,1,0,1,0,0,0,0,0,0,1,1,0.0,100.19000000000001,1
790,1,1,1,1,0,0,0,0,0,1,0,1,1,0,0.0,100.19,1
791,1,1,0,0,1,0,0,0,0,1,1,0,1,1,0.0,100.19000000000007,1
792,1,0,0,1,1,0,0,1,1,0,0,1,1,0,0.0,100.19,1
793,0,1,0,1,0,0,0,0,1,0,1,1,1,1,0.0,100.19000000000004,1
794,1,1,1,1,1,0,0,0,0,1,0,0,0,1,0.0,100.19000000000001,1
795,1,1,1,1,1,0,0,0,1,0,0,1,0,0,0.0,100.19000000000003,1
796,1,0,0,0,0,1,0,1,1,1,0,1,1,0,0.0,100.19000000000004,1
797,1,0,0,1,0,1,1,1,1,1,0,0,0,1,0.0,100.26000000000005,1
798,1,0,0,1,0,0,0,1,1,1,0,1,1,1,0.0,100.26000000000003,1
799,0,1,1,1,1,0,1,0,1,1,0,1,0,0,0.0,100.26000000000008,1
800,0,0,1,0,1,1,0,0,1,0,1,0,1,0,0.0,150.11999999999995,1
801,1,1,1,1,0,0,1,0,1,0,1,0,0,0,0.0,150.17999999999995,1
802,0,1,1,1,0,0,1,0,1,1,0,1,1,1,0.0,150.32999999999993,1
803,1,1,1,1,1,0,0,1,1,0,0,0,1,0,0.0,200.23999999999995,1
804,1,1,1,0,0,0,0,0,0,0,0,0,1,0,0.07142857142857142,0.060000000000000005,1
805,1,0,0,0,0,0,0,1,1,0,0,1,1,1,0.07142857142857142,0.15,1
