,0,1,2,3,4,5,6,7,8,9,10,11,12,13,14,15,16,17,18,19,20,21,22,23,chain_break_fraction,energy,num_occurrences
0,1,1,0,1,1,1,0,0,1,1,0,0,1,1,1,1,1,1,1,1,1,1,1,1,0.0,-1198.3059778413783,1
1,1,1,0,1,1,1,0,0,1,1,1,0,1,1,1,1,1,1,1,1,1,1,1,1,0.0,-1181.364284108077,2
2,1,1,0,0,1,1,0,0,1,1,1,1,1,1,1,1,1,1,1,1,1,1,1,1,0.0,-1179.4950043643253,1
3,1,1,1,0,1,1,0,0,1,1,1,0,1,1,1,1,1,1,1,1,1,1,1,1,0.0,-1171.9029202637757,1
4,1,1,0,0,1,1,0,0,1,1,1,0,1,1,1,1,1,1,1,1,1,1,0,1,0.0,-1170.472481670457,2
5,1,1,0,0,1,1,0,0,1,1,1,0,1,1,1,1,1,1,1,1,1,1,1,0,0.0,-1170.101561117084,1
6,1,1,0,0,1,1,0,0,1,1,0,0,1,1,1,1,1,1,1,1,1,1,1,1,0.0,-1163.6646656944574,1
7,1,1,1,1,1,1,0,0,1,1,1,0,1,1,1,1,1,1,1,1,1,1,1,1,0.0,-1156.5342324106966,1
8,1,1,1,0,1,0,0,0,1,1,1,0,1,1,1,1,1,1,1,1,1,1,1,1,0.0,-1155.3959280001322,1
9,1,1,0,1,1,1,0,0,1,1,1,0,1,1,1,1,1,1,1,1,1,1,0,1,0.0,-1155.1237938173779,1
10,1,1,0,1,1,1,0,0,1,1,0,1,1,1,1,1,1,1,1,1,1,1,0,1,0.0,-1154.8375199538482,1
11,1,1,0,0,1,1,0,0,1,1,1,1,1,1,1,1,1,1,1,1,1,1,0,1,0.0,-1153.254514073626,1
12,1,1,0,1,0,1,0,0,1,1,1,0,1,1,1,1,1,1,1,1,1,1,1,1,0.0,-1152.8135322041485,1
13,1,1,0,0,0,1,0,0,1,1,1,1,1,1,1,1,1,1,1,1,1,1,1,1,0.0,-1150.9442524603967,2
14,1,1,0,1,1,1,0,0,1,1,1,0,1,1,1,1,1,1,1,1,1,0,1,1,0.0,-1148.1953485998613,1
15,1,1,0,1,1,1,0,0,1,1,0,1,1,1,1,1,1,1,1,1,1,0,1,1,0.0,-1147.9090747363316,1
16,1,0,0,1,1,1,0,1,1,1,0,0,1,1,1,1,1,1,1,1,1,1,1,1,0.0,-1146.4712490258264,1
17,1,1,0,1,1,1,0,0,1,1,0,0,1,1,1,1,1,1,1,1,1,1,0,0,0.0,-1145.424076706607,1
18,1,1,0,0,1,1,0,1,1,1,1,0,1,1,1,1,1,1,1,1,1,1,1,1,0.0,-1141.0409952927116,1
19,1,1,1,1,1,0,0,0,1,1,0,1,1,1,1,1,1,1,1,1,1,1,1,1,0.0,-1139.7509662835234,1
20,1,1,0,1,1,1,0,0,1,1,0,0,1,1,1,1,1,1,1,1,1,0,0,1,0.0,-1138.8665520424634,1
21,1,1,0,1,1,1,0,0,1,1,1,1,1,1,1,1,1,1,1,1,1,1,0,1,0.0,-1137.895826220547,1
22,1,1,0,0,1,1,0,0,1,1,1,0,1,1,1,1,1,1,1,1,1,0,0,1,0.0,-1137.2835461622412,1
23,1,1,0,1,0,1,0,0,1,1,0,0,1,1,1,1,1,1,1,1,1,0,1,1,0.0,-1136.556290429234,1
24,1,1,1,1,1,0,0,0,0,1,0,0,1,1,1,1,1,1,1,1,1,1,1,1,0.0,-1135.6645804363604,1
25,1,1,1,1,1,1,0,0,0,1,1,0,1,1,1,1,1,1,1,1,1,1,1,1,0.0,-1135.2398789667027,1
26,1,1,1,0,1,1,0,0,0,1,1,1,1,1,1,1,1,1,1,1,1,1,1,1,0.0,-1133.370599222951,1
27,1,0,0,0,1,1,1,0,1,1,1,0,1,1,1,1,1,1,1,1,1,1,1,1,0.0,-1132.257361097929,1
28,1,1,1,1,1,1,0,0,1,1,0,1,1,1,1,1,1,1,1,1,1,1,0,1,0.0,-1130.0174682564677,1
29,1,1,0,0,0,1,0,1,1,1,1,0,1,1,1,1,1,1,1,1,1,0,1,1,0.0,-1129.3013078805673,1
30,1,1,0,1,1,1,0,0,1,1,0,0,1,1,1,1,0,1,1,1,1,1,0,1,0.0,-1128.6791348014553,1
31,1,1,1,0,1,1,0,0,1,1,1,1,1,1,1,1,1,1,1,1,1,1,0,1,0.0,-1128.4344623762456,1
32,1,1,0,1,0,1,0,0,1,0,0,0,1,1,1,1,1,1,1,1,1,1,1,1,0.0,-1127.0815805220154,1
33,1,1,1,1,1,1,0,0,0,1,0,0,1,1,1,1,1,1,1,1,1,1,0,1,0.0,-1125.9310824093047,1
34,0,1,0,1,1,1,0,0,1,1,1,1,1,1,1,1,1,1,1,1,1,1,1,1,0.0,-1124.8910005757937,1
35,1,0,0,1,0,1,0,1,1,1,1,0,1,1,1,1,1,1,1,1,1,1,0,1,0.0,-1124.7183130978974,1
36,1,1,0,1,1,1,0,0,1,0,0,0,1,1,1,1,1,1,1,1,1,0,1,1,0.0,-1122.4633969177282,1
37,1,1,0,1,1,1,0,0,1,1,1,0,1,1,1,1,1,1,1,1,1,0,0,1,0.0,-1121.944858309162,1
38,0,0,0,1,1,1,1,1,1,1,0,1,1,1,1,1,1,1,1,1,1,1,1,1,0.0,-1121.6651067774233,1
39,1,1,0,1,1,1,0,0,1,1,0,1,1,1,1,1,1,1,1,1,1,0,0,1,0.0,-1121.6585844456324,1
40,1,1,0,0,1,1,0,0,1,1,0,0,1,1,1,1,0,1,1,1,1,1,1,1,0.0,-1120.2883129452337,1
41,1,0,0,1,0,1,0,1,1,1,0,1,1,1,1,1,1,1,1,1,1,0,1,1,0.0,-1117.5035940168511,1
42,1,1,1,0,1,0,0,0,0,1,1,1,1,1,1,1,1,1,1,1,1,1,1,1,0.0,-1116.8636069593072,1
43,0,0,0,1,0,1,1,1,1,1,0,1,1,1,1,1,1,1,1,1,1,1,0,1,0.0,-1116.8538645827955,1
44,1,0,0,1,0,1,1,1,1,1,0,0,1,1,1,1,1,1,1,1,1,0,1,1,0.0,-1116.4087028975625,1
45,0,0,0,0,0,1,1,1,1,1,1,1,1,1,1,1,1,1,1,1,1,1,0,1,0.0,-1115.2708587025734,1
46,0,1,0,0,1,1,0,0,1,1,1,1,1,1,1,1,1,1,1,1,1,1,0,1,0.0,-1113.9991981381736,2
47,1,1,0,0,1,1,0,0,1,1,0,1,1,1,1,1,1,1,1,1,1,0,1,1,0.0,-1113.2677625894107,1
48,1,1,0,1,1,1,0,0,1,1,0,0,1,1,1,1,1,1,1,1,1,0,0,0,0.0,-1112.2251411983912,1
49,1,1,1,0,1,1,0,0,1,1,1,0,1,1,1,1,1,1,1,1,1,0,1,0,0.0,-1112.1125739114877,1
50,1,0,0,0,1,1,0,1,1,1,0,0,1,1,1,1,1,1,1,1,1,1,1,1,0.0,-1111.8299368789055,1
51,1,1,1,1,1,1,0,0,0,0,0,0,1,1,1,1,1,1,1,1,1,1,1,1,0.0,-1109.5279272845696,1
52,1,1,1,1,1,0,0,0,0,1,0,0,1,1,1,1,1,1,1,1,1,1,0,1,0.0,-1109.4040901456613,1
53,1,1,1,1,1,0,0,0,0,1,0,0,1,1,1,1,1,1,1,1,1,1,1,0,0.0,-1109.0331695922882,1
54,1,0,1,1,1,1,1,0,1,1,0,0,1,1,1,1,1,1,1,1,1,1,1,1,0.0,-1109.0203152807712,1
55,1,1,1,1,1,1,0,0,0,1,0,0,1,1,1,1,0,1,1,1,1,1,1,1,0.0,-1108.8152199507801,1
56,1,1,1,1,1,1,0,0,0,1,0,1,1,1,1,1,1,1,1,1,1,1,0,1,0.0,-1108.7131148124738,1
57,1,1,0,0,1,1,0,0,1,1,1,1,1,1,1,1,1,1,0,1,1,1,1,1,0.0,-1108.200650920331,1
58,1,1,1,0,1,0,0,0,0,1,1,0,1,1,1,1,1,1,1,1,1,1,1,0,0.0,-1107.450163712066,1
59,1,1,1,0,1,1,0,0,0,1,1,1,1,1,1,1,1,1,1,1,1,1,0,1,0.0,-1107.1301089322517,1
60,1,0,0,0,1,1,0,0,1,1,1,1,1,1,1,1,1,1,1,1,1,1,0,1,0.0,-1107.1017619265185,1
61,1,0,0,0,0,1,0,1,1,1,1,0,1,1,1,1,1,1,1,1,1,0,0,1,0.0,-1106.8580654427608,1
62,1,0,0,0,1,1,0,0,1,1,1,1,1,1,1,1,1,1,1,1,1,1,1,0,0.0,-1106.7308413731455,1
63,1,1,0,1,1,1,0,0,1,1,0,0,1,1,1,1,1,0,1,1,1,1,1,1,0.0,-1104.5204329634907,1
64,1,1,1,0,1,1,0,0,1,1,1,0,1,1,1,1,0,1,1,1,1,1,0,1,0.0,-1102.2960772238528,1
65,1,0,0,1,0,0,0,1,1,1,0,0,1,1,1,1,1,1,1,1,1,1,1,1,0.0,-1101.3835048582541,1
66,1,1,0,0,1,1,0,0,1,1,1,0,1,1,1,0,1,1,1,1,1,1,0,1,0.0,-1100.8343041055755,1
67,1,1,0,1,1,1,0,0,0,1,0,0,1,1,1,1,1,1,1,1,1,1,0,1,0.0,-1100.7411341066852,1
68,1,1,0,0,1,1,0,0,1,1,1,0,1,1,1,0,1,1,1,1,1,1,1,0,0.0,-1100.4633835522025,1
69,1,0,0,0,1,1,1,1,1,1,1,0,1,1,1,1,1,1,1,1,1,1,0,1,0.0,-1100.3248941387853,1
70,1,1,0,1,0,1,0,0,1,1,0,1,1,1,1,1,1,1,1,1,1,1,0,0,0.0,-1099.6453572058474,1
71,1,1,0,0,0,1,0,0,1,0,1,0,1,1,1,1,1,1,1,1,1,1,0,1,0.0,-1099.2280843510941,1
72,1,1,0,0,1,1,0,0,0,1,1,0,1,1,1,1,1,1,1,1,1,1,0,1,0.0,-1099.1581282264628,1
73,1,1,0,0,1,1,0,0,1,1,1,0,1,1,1,1,1,1,0,1,1,1,0,1,0.0,-1099.1581282264628,2
74,1,1,0,0,0,1,0,0,1,1,1,0,1,1,1,0,1,1,1,1,1,1,1,1,0.0,-1098.524042492346,1
75,1,1,0,0,0,1,0,0,1,1,1,1,1,1,1,1,1,1,1,1,1,1,0,0,0.0,-1098.0623513256253,1
76,1,1,1,0,1,1,0,0,0,1,1,0,1,1,1,1,1,1,1,1,1,1,0,0,0.0,-1097.7166656850104,1
77,1,0,1,0,0,1,0,1,1,1,1,1,1,1,1,1,1,1,1,1,1,1,1,0,0.0,-1097.6680611033921,1
78,1,1,1,1,1,1,0,1,0,1,0,0,1,1,1,1,1,1,1,1,1,1,1,1,0.0,-1096.4995960315593,1
79,1,1,1,0,1,0,0,0,1,1,0,0,1,1,1,1,1,1,1,1,1,1,0,1,0.0,-1096.0771314427343,2
80,1,1,1,0,0,1,0,0,0,1,1,0,1,1,1,1,1,1,1,1,1,1,0,1,0.0,-1095.777324625154,1
81,1,1,0,1,1,1,0,0,1,1,0,0,1,1,1,1,0,1,1,1,1,0,0,1,0.0,-1095.4801992932396,1
82,1,1,0,0,1,1,1,0,1,1,1,0,1,1,1,1,1,1,1,1,1,0,1,1,0.0,-1095.2411777368209,1
83,1,0,1,1,0,1,0,1,0,1,0,0,1,1,1,1,1,1,1,1,1,1,1,0,0.0,-1095.1446811364513,1
84,1,1,0,1,1,1,0,0,1,0,1,1,1,1,1,1,1,1,1,1,1,1,1,0,0.0,-1094.8812602517396,1
85,1,1,1,0,1,0,0,0,1,1,1,1,1,1,1,1,0,1,1,1,1,1,1,1,0.0,-1094.8116076540773,1
86,1,1,1,0,0,1,0,1,1,1,1,0,1,1,1,1,0,1,1,1,1,1,1,1,0.0,-1094.3038389421788,1
87,1,1,0,1,1,1,0,0,1,1,1,1,1,1,1,1,1,1,1,0,1,1,1,1,0.0,-1093.881611139095,1
88,0,0,0,0,1,1,1,1,1,1,1,1,1,1,1,1,1,1,1,1,1,1,0,1,0.0,-1093.841610606502,1
89,1,1,0,0,1,1,0,0,1,1,1,0,1,1,1,1,0,1,1,1,1,0,1,0,0.0,-1093.5262728596442,1
90,1,1,0,1,0,1,0,0,1,1,1,0,1,1,1,1,1,1,1,1,1,0,0,1,0.0,-1093.3741064052335,1
91,1,1,1,1,1,0,0,0,0,1,1,0,1,1,1,1,1,1,1,1,1,1,0,1,0.0,-1092.4823964123598,1
92,1,0,0,1,1,1,0,0,1,1,0,1,1,1,1,1,0,1,1,1,1,1,1,1,0.0,-1091.568905348216,1
93,1,1,1,0,1,0,0,0,0,1,1,1,1,1,1,1,1,1,1,1,1,1,0,1,0.0,-1090.613116668608,1
94,0,0,1,0,0,1,1,1,1,1,1,1,1,1,1,1,1,1,1,1,1,1,0,1,0.0,-1090.4608070051931,1
95,1,1,0,1,1,1,0,0,1,1,1,0,1,1,1,1,1,1,1,1,0,1,0,1,0.0,-1087.3912219774452,1
96,1,1,0,1,1,1,0,0,1,1,0,0,1,0,1,1,1,1,1,1,1,1,0,1,0.0,-1086.7649371499265,1
97,1,1,1,1,1,1,0,0,1,1,0,1,1,1,1,0,1,1,1,1,1,1,1,1,0.0,-1086.6397809822856,1
98,1,1,0,1,1,1,1,0,1,1,0,1,1,1,1,1,1,1,1,1,1,1,0,1,0.0,-1086.5246612377287,1
99,1,1,1,1,0,1,0,1,1,1,0,0,1,1,1,1,1,1,1,1,1,1,0,0,0.0,-1086.3812964368535,1
100,1,1,0,0,0,1,0,1,1,1,1,1,1,1,1,1,1,1,1,1,1,0,0,1,0.0,-1085.8328499930371,1
101,1,1,0,0,1,1,1,0,1,0,1,0,1,1,1,1,1,1,1,1,1,1,1,1,0.0,-1085.7664678296023,1
102,1,1,1,1,0,1,0,0,1,0,0,1,1,1,1,1,1,1,1,1,1,1,1,1,0.0,-1085.0635612278043,1
103,1,0,0,0,1,1,0,0,1,1,0,0,1,1,1,1,1,1,1,1,1,0,1,1,0.0,-1084.3029780391344,1
104,1,1,1,0,0,0,0,0,1,0,1,0,1,1,1,1,1,1,1,1,1,1,1,1,0.0,-1084.1715306807694,1
105,0,1,1,1,1,0,0,0,1,1,1,1,1,1,1,1,1,1,1,1,1,1,1,1,0.0,-1083.5639566147697,1
106,1,1,0,1,1,1,0,0,1,1,0,1,1,1,1,1,1,1,0,1,1,1,0,1,0.0,-1083.533166509854,1
107,1,0,1,1,1,1,0,0,1,1,0,1,1,1,1,1,1,1,1,1,1,1,1,0,0.0,-1083.5037955559874,1
108,1,1,0,0,1,1,0,0,0,1,1,1,1,1,1,1,1,1,1,1,1,1,0,1,0.0,-1081.950160629632,1
109,1,1,0,1,1,0,0,0,1,1,1,0,1,1,1,1,1,1,1,1,1,0,1,1,0.0,-1081.6883563362176,1
110,1,0,1,0,0,0,0,1,1,1,1,0,1,1,1,1,0,1,1,1,1,1,1,1,0.0,-1081.6140945314278,1
111,1,1,0,0,1,1,0,0,1,1,1,1,1,1,1,1,1,1,0,1,1,1,1,0,0.0,-1081.5792400762589,1
112,1,0,0,1,0,1,0,1,1,1,0,1,1,1,1,1,0,1,1,1,1,1,1,0,0.0,-1080.6847659317707,1
113,1,1,1,1,0,1,0,1,1,1,0,0,1,1,1,1,1,1,1,1,1,0,0,1,0.0,-1079.82377177271,1
114,1,1,0,0,1,0,0,0,1,1,1,1,1,1,1,1,1,1,1,1,1,0,1,1,0.0,-1079.8190765924658,1
115,1,1,1,1,1,1,0,0,1,1,0,0,1,1,1,1,1,1,1,1,0,1,0,1,0.0,-1079.5128640133662,1
116,0,1,0,0,0,1,0,1,1,1,1,1,1,1,1,1,1,1,1,1,1,1,1,0,0.0,-1079.3855490124274,1
117,1,1,1,0,1,1,0,0,0,1,1,0,1,1,1,1,1,1,0,1,1,1,1,1,0.0,-1079.2942133757876,1
118,1,1,0,1,1,1,0,0,1,0,0,1,1,1,1,1,1,1,1,1,1,0,0,1,0.0,-1078.994939030198,1
119,1,1,1,0,1,1,0,0,1,0,1,1,1,1,1,1,1,1,1,1,1,0,1,1,0.0,-1078.8623717432947,1
120,1,1,0,1,1,1,1,0,1,1,0,0,1,1,1,1,1,1,1,1,1,1,0,0,0.0,-1077.1312179904874,1
121,1,1,0,0,1,1,0,0,1,1,1,0,1,1,1,1,1,0,1,1,1,1,0,1,0.0,-1076.6769367925692,1
122,1,1,0,1,1,1,0,0,1,1,0,1,1,1,1,1,1,1,0,1,1,0,1,1,0.0,-1076.6047212923374,1
123,1,1,1,0,1,1,0,0,1,1,1,0,1,1,1,0,1,1,1,1,1,1,0,1,0.0,-1076.0342524081952,1
124,1,1,0,1,0,1,0,0,1,1,0,0,1,1,1,1,1,0,1,1,1,1,1,1,0.0,-1075.9496810595622,1
125,1,0,0,0,0,1,0,1,1,1,1,1,0,1,1,1,1,1,1,1,1,1,1,1,0.0,-1075.4727060848556,1
126,1,1,1,1,1,0,0,0,0,1,1,1,1,1,1,1,1,1,1,1,1,1,0,1,0.0,-1075.2644288155288,1
127,1,1,1,1,0,1,0,0,1,1,0,1,1,1,1,1,1,1,1,1,1,1,0,0,0.0,-1074.845305508467,1
128,1,1,0,0,1,0,0,1,1,1,1,0,1,1,1,1,1,1,1,1,1,1,1,1,0.0,-1074.5440030290679,1
129,1,1,1,0,1,0,0,0,0,1,0,0,1,1,1,1,1,1,1,1,1,1,1,0,0.0,-1074.3718574453674,1
130,0,1,0,1,1,1,1,0,1,1,1,1,1,1,1,1,1,1,1,1,1,0,1,1,0.0,-1073.3992063514584,1
131,0,0,0,1,0,1,1,0,1,1,0,1,1,1,1,1,1,1,1,1,1,1,1,0,0.0,-1072.164920697867,1
132,1,1,0,1,0,1,0,0,1,1,0,0,1,1,1,1,1,1,0,1,1,1,0,1,0.0,-1072.1603822027564,1
133,1,1,0,1,1,1,0,0,1,1,0,0,1,1,1,1,1,0,1,1,1,0,1,1,0.0,-1071.331497455275,1
134,1,1,1,0,1,1,0,0,1,1,1,0,1,1,1,1,1,1,1,1,0,0,1,1,0.0,-1071.0014129156275,1
135,0,1,1,0,0,0,0,0,1,1,1,1,1,1,1,1,1,1,1,1,1,1,1,1,0.0,-1070.3618925639203,1
136,1,0,1,0,0,1,0,1,1,1,1,0,1,1,1,1,1,1,0,1,1,1,1,1,0.0,-1070.203086100301,1
137,1,0,0,1,1,1,0,1,1,1,1,0,1,1,1,1,1,1,1,1,1,0,1,0,0.0,-1069.739208940237,1
138,1,1,1,0,1,0,0,0,1,0,1,1,1,1,1,1,1,1,1,1,1,1,0,1,0.0,-1069.2738246971678,1
139,1,1,1,0,1,1,0,0,1,1,1,1,1,1,1,1,1,1,1,1,1,0,0,0,0.0,-1068.6441160239576,1
140,1,1,0,0,0,1,1,1,1,1,1,0,1,1,1,1,1,1,1,1,1,1,0,1,0.0,-1067.9268943819643,1
141,0,0,0,1,1,1,1,0,1,1,0,1,1,1,1,1,1,1,1,1,1,0,0,1,0.0,-1067.9176576469529,1
142,1,1,0,0,1,1,0,0,1,1,1,1,1,0,1,1,1,1,1,1,1,1,1,0,0.0,-1067.6030431195002,1
143,1,1,0,0,1,1,0,0,1,0,1,1,1,1,1,0,1,1,1,1,1,1,1,1,0.0,-1067.2231813840094,1
144,1,1,1,1,1,0,0,1,1,1,1,1,1,1,1,1,1,1,1,1,1,1,1,1,0.0,-1067.0972958817777,1
145,1,1,1,0,0,0,0,0,1,1,1,0,1,1,1,1,1,1,1,1,1,0,1,0,0.0,-1067.0048297439157,1
146,1,0,1,1,0,1,0,1,1,1,0,1,1,1,1,1,1,1,1,1,1,0,0,1,0.0,-1066.4430520287715,1
147,1,1,1,0,0,0,0,0,1,1,1,1,1,1,1,1,0,1,1,1,1,1,1,1,0.0,-1066.2508557501487,1
148,1,1,1,1,1,0,0,0,0,1,0,0,1,1,1,0,1,1,1,1,1,1,1,1,0.0,-1066.026402871479,1
149,1,1,0,0,1,1,0,0,1,1,1,0,1,1,1,1,1,1,0,1,1,0,1,0,0.0,-1065.588272164874,1
150,0,1,0,1,1,1,0,0,1,1,1,1,1,1,1,1,1,1,1,1,1,0,1,0,0.0,-1065.1006542235057,1
151,1,1,0,0,0,1,0,1,1,1,1,0,1,1,1,1,1,1,0,1,1,1,0,1,0.0,-1064.9153996540897,1
152,0,1,0,1,1,1,1,0,1,1,0,0,1,1,1,1,1,1,1,1,1,1,0,1,0.0,-1064.497312899107,1
153,1,1,1,0,1,0,0,0,0,1,1,0,1,1,1,0,1,1,1,1,1,1,1,1,0.0,-1064.4433969912568,1
154,1,1,0,1,1,1,0,0,1,1,1,0,0,1,1,1,0,1,1,1,1,1,1,1,0.0,-1064.3811137988641,1
155,1,1,0,0,0,1,0,0,1,1,0,0,1,1,1,1,1,1,0,1,1,1,1,1,0.0,-1063.7695603465347,1
156,1,0,0,0,0,1,0,1,1,1,1,0,1,1,1,1,0,1,1,1,1,0,0,1,0.0,-1063.4617126935368,1
157,1,1,1,1,1,0,0,0,1,1,1,1,1,1,1,1,1,1,1,1,1,0,0,1,0.0,-1063.3998467513072,1
158,0,0,1,0,1,0,1,0,0,1,1,1,1,1,1,1,1,1,1,1,1,1,1,1,0.0,-1063.1326801606276,1
159,1,1,1,1,0,1,0,1,1,1,1,0,1,1,1,1,1,1,1,1,1,0,1,0,0.0,-1062.5211574860355,1
160,1,1,1,1,1,1,0,0,1,1,0,1,1,1,1,1,1,0,1,1,1,1,1,1,0.0,-1062.4824136692794,1
161,1,1,0,1,1,1,0,0,1,0,0,0,1,1,1,1,1,0,1,1,1,1,1,1,0.0,-1061.8567875480564,1
162,1,1,1,0,0,0,0,0,0,1,1,1,1,1,1,1,1,1,1,1,1,1,1,0,0.0,-1061.6714442113064,1
163,1,1,0,1,1,1,0,0,1,1,1,1,1,1,1,0,1,1,1,1,1,0,1,1,0.0,-1061.3492034381488,1
164,1,1,0,1,1,1,0,0,1,1,0,0,1,1,1,1,0,0,1,1,1,1,1,1,0.0,-1061.1440802142668,1
165,0,0,0,0,1,0,1,0,1,1,1,1,1,1,1,1,1,1,1,1,1,1,1,1,0.0,-1059.2670853020022,1
166,1,1,0,1,0,1,0,0,1,1,1,0,1,1,1,1,1,1,1,1,0,1,0,1,0.0,-1058.8204700735166,1
167,1,1,1,1,0,0,0,0,1,1,0,0,1,1,1,0,1,1,1,1,1,1,1,1,0.0,-1058.7800044115445,1
168,1,1,1,1,1,1,1,0,0,1,0,0,1,1,1,1,1,1,1,1,1,1,0,1,0.0,-1057.6282236931852,1
169,1,1,0,1,1,1,0,0,0,1,0,0,1,1,1,0,1,1,1,1,1,1,1,1,0.0,-1057.3634468325029,1
170,1,1,0,1,1,1,0,0,0,1,0,0,1,1,1,1,0,1,1,1,1,1,0,1,0.0,-1057.3547813574612,1
171,1,1,1,0,1,1,0,0,0,1,1,1,1,1,1,1,0,1,1,1,1,0,1,1,0.0,-1056.835310965511,1
172,1,1,0,1,1,1,0,0,1,1,0,0,1,1,1,1,1,1,0,0,1,1,1,1,0.0,-1056.726919025233,1
173,1,1,1,1,1,1,0,0,0,0,0,0,1,1,1,1,1,1,1,1,1,1,0,0,0.0,-1056.6260261497982,1
174,0,0,0,1,1,1,1,0,0,1,0,1,1,1,1,1,1,1,1,1,1,1,1,1,0.0,-1056.052730001874,1
175,1,1,1,1,1,1,0,0,0,1,0,0,1,1,1,1,1,1,1,0,1,1,0,1,0.0,-1055.6563770371536,1
176,1,0,0,1,0,1,0,1,1,1,1,0,1,1,1,0,1,1,1,1,1,1,0,1,0.0,-1055.080135533016,1
177,1,1,0,1,0,1,0,0,1,1,0,1,1,1,1,1,1,1,0,1,1,1,0,1,0.0,-1054.9624146059255,2
178,1,1,1,0,1,1,0,0,0,1,1,0,1,1,1,0,1,1,1,1,1,1,0,1,0.0,-1054.709898964201,1
179,1,0,0,0,1,1,0,0,1,1,1,0,1,1,1,0,1,1,1,1,1,1,1,0,0.0,-1054.2906314050952,1
180,0,0,1,1,1,0,1,1,1,1,0,1,1,1,1,1,1,1,1,1,1,1,0,1,0.0,-1054.0975725257001,1
181,1,0,0,1,0,1,0,0,1,1,0,0,1,1,1,0,1,1,1,1,1,1,1,1,0.0,-1053.9342962254611,1
182,1,0,0,1,0,1,0,1,1,1,0,1,1,1,1,1,1,1,0,1,1,1,0,1,0.0,-1053.1176857903736,1
183,1,0,0,1,1,1,0,1,1,1,1,0,1,1,1,1,0,1,1,1,1,0,1,1,0.0,-1052.9942670350854,1
184,1,1,1,1,1,1,0,0,1,1,0,0,1,1,1,1,1,1,1,1,0,1,0,0,0.0,-1052.881453169294,1
185,1,1,1,0,0,0,1,1,1,1,1,0,1,1,1,1,1,1,1,1,1,1,1,1,0.0,-1052.8403407116396,1
186,1,0,0,1,1,1,0,1,1,1,0,0,1,1,1,1,1,0,1,1,1,1,1,1,0.0,-1052.6857041479386,1
187,1,0,1,0,1,1,0,0,1,1,1,0,0,1,1,1,1,1,1,1,1,1,1,1,0.0,-1052.1333505566795,1
188,1,1,0,1,1,1,0,0,1,1,0,1,1,1,1,0,1,1,1,1,1,0,1,0,0.0,-1051.6494863273779,1
189,1,1,1,1,1,0,0,0,1,1,1,1,1,1,1,1,1,1,0,1,1,1,1,1,0.0,-1051.514919106228,1
190,1,1,0,0,1,1,0,0,1,0,1,0,1,1,1,1,0,1,1,1,1,0,0,1,0.0,-1051.2135479975832,1
191,1,1,0,1,1,1,0,0,0,0,0,0,1,1,1,1,1,1,1,1,1,0,1,1,0.0,-1051.1390434737343,1
192,0,1,0,0,0,1,1,0,1,0,1,1,1,1,1,1,1,1,1,1,1,1,1,1,0.0,-1050.7224323933904,1
193,1,0,1,0,1,1,0,1,1,1,1,0,1,1,1,0,1,1,1,1,1,1,1,1,0.0,-1050.4500138833423,1
194,1,1,0,1,1,1,0,0,0,1,0,1,1,1,1,1,1,1,1,1,1,0,0,1,0.0,-1050.3442310016383,1
195,1,0,0,1,1,0,1,0,1,1,0,1,1,1,1,1,1,1,1,1,1,1,1,1,0.0,-1050.1154071176768,1
196,1,0,1,0,1,0,0,0,1,1,0,0,1,1,1,1,1,1,1,1,1,1,0,1,0.0,-1049.904379295627,1
197,1,1,1,1,1,0,0,0,0,0,0,1,1,1,1,1,1,1,1,1,1,1,1,0,0.0,-1049.1615565800228,1
198,1,0,0,1,1,1,0,0,1,1,0,1,1,1,1,1,1,1,1,1,1,0,0,0,0.0,-1048.854421454453,1
199,1,1,0,0,1,1,0,0,1,1,1,1,1,1,1,1,1,1,0,1,1,0,0,1,0.0,-1048.7612251214161,1
200,1,1,1,0,1,1,0,0,0,0,1,0,1,1,1,1,1,1,1,1,1,0,0,1,0.0,-1048.4854956054326,1
201,1,1,1,0,0,1,0,0,1,0,1,0,1,1,1,1,1,1,1,1,1,1,0,0,0.0,-1047.7966218096417,1
202,1,0,0,0,1,1,0,0,1,1,1,1,1,1,1,1,1,1,1,1,1,0,0,0,0.0,-1047.2714155742306,1
203,1,1,1,0,1,0,0,1,0,1,1,0,1,1,1,1,1,1,1,1,1,0,1,1,0.0,-1045.2306623794777,1
204,1,1,1,1,1,0,0,0,1,0,0,0,1,1,1,0,1,1,1,1,1,1,1,1,0.0,-1044.6871109000388,1
205,1,1,1,1,0,1,0,0,1,1,0,0,0,1,1,1,1,1,1,1,1,1,1,0,0.0,-1044.6769458360081,1
206,1,0,0,0,0,1,0,1,1,1,1,1,1,1,1,1,1,1,0,1,1,0,1,1,0.0,-1044.6062346926349,1
207,0,1,0,0,1,1,0,0,1,1,1,1,1,1,1,0,1,1,1,1,1,1,0,1,0.0,-1044.361020573292,1
208,1,1,0,1,1,1,0,0,1,1,1,1,1,1,1,1,1,0,1,1,1,1,0,1,0.0,-1044.1202813426592,1
209,1,0,0,0,1,1,0,1,1,1,1,0,1,1,1,1,1,1,1,1,0,0,1,1,0.0,-1043.9667357974556,1
210,1,1,0,1,1,1,0,0,1,1,1,0,1,1,1,1,0,1,1,1,0,1,1,0,0.0,-1043.6439486748484,1
211,1,1,0,1,0,0,0,0,1,0,1,0,1,1,1,1,1,1,1,1,1,1,1,1,0.0,-1043.6428945250707,1
212,1,1,0,0,1,1,0,0,1,1,1,0,1,1,1,1,1,0,1,1,1,0,0,1,0.0,-1043.4780012843535,1
213,1,1,1,1,1,0,0,0,0,0,1,0,1,1,1,1,1,1,1,1,1,0,1,1,0.0,-1042.890305779409,1
214,1,0,0,1,1,1,1,1,1,1,0,0,1,0,1,1,1,1,1,1,1,1,1,1,0.0,-1042.877839908954,1
215,1,0,1,0,1,1,1,0,0,1,1,1,1,1,1,1,1,1,1,1,1,1,1,0,0.0,-1042.2935775156516,1
216,0,0,1,1,1,0,1,1,0,1,1,1,1,1,1,1,1,1,1,1,1,1,1,1,0.0,-1042.092015639104,1
217,1,1,1,0,1,1,0,0,1,1,1,0,1,1,1,1,1,1,0,1,1,0,0,1,0.0,-1041.1691410208666,1
218,1,1,0,1,1,1,0,0,1,1,0,0,1,1,1,1,1,1,0,1,1,0,0,0,0.0,-1040.890787754397,1
219,0,1,0,0,0,1,1,0,1,1,1,1,1,1,1,1,1,1,1,1,1,1,0,0,0.0,-1040.4941766740533,1
220,1,1,1,1,0,1,0,0,1,1,0,0,1,1,1,1,1,1,0,1,1,0,1,1,0.0,-1040.4418852878596,1
221,1,0,1,1,0,1,0,1,1,1,0,0,1,1,1,0,1,1,1,1,1,0,1,1,0.0,-1040.2733323514203,1
222,1,1,0,1,1,1,0,0,1,1,0,1,1,1,1,0,1,1,0,1,1,1,1,1,0.0,-1040.1554792356717,1
223,1,0,0,1,1,1,1,0,1,1,0,0,1,1,1,1,1,0,1,1,1,1,1,1,0.0,-1040.054822100264,1
224,0,1,0,1,0,1,0,0,1,1,0,1,0,1,1,1,1,1,1,1,1,1,1,1,0.0,-1039.6351248451772,1
225,1,0,1,1,1,0,1,0,1,1,0,0,1,1,1,1,1,1,1,1,1,1,0,0,0.0,-1039.631421882356,1
226,1,0,0,0,1,1,1,1,1,1,1,1,1,1,1,1,1,1,1,0,1,1,1,1,0.0,-1039.0827114605024,1
227,1,1,0,0,0,1,0,0,1,1,1,0,1,1,1,0,1,1,1,1,1,0,0,1,0.0,-1039.0446166934312,1
228,0,0,1,1,1,0,1,0,0,1,0,1,1,1,1,1,1,1,1,1,1,1,0,1,0.0,-1038.4551957501508,1
229,1,1,0,1,1,0,0,0,1,1,0,0,1,1,1,1,1,1,1,1,0,1,0,1,0.0,-1037.785923447103,1
230,0,1,0,1,1,1,0,0,0,1,0,1,1,1,1,1,1,1,1,1,1,0,1,1,0.0,-1037.339405356885,1
231,0,0,1,1,0,0,0,1,1,1,0,0,1,1,1,1,1,1,1,1,1,1,1,1,0.0,-1037.3181372254214,1
232,1,1,1,1,1,1,0,0,1,0,1,1,1,1,1,1,1,1,1,1,1,0,0,1,0.0,-1037.2631935995164,1
233,1,0,1,1,0,1,1,0,1,1,0,0,1,1,1,1,0,1,1,1,1,1,1,1,0.0,-1037.1032106276186,1
234,1,1,1,1,1,0,0,0,1,1,0,0,1,1,1,1,1,0,1,1,1,1,0,1,0.0,-1036.9328987117676,2
235,1,1,1,0,1,0,0,0,1,1,1,0,1,0,1,1,1,1,1,1,1,0,1,1,0.0,-1036.9264420911636,1
236,1,1,1,0,1,1,0,0,0,1,1,1,1,1,1,1,1,1,1,0,1,1,0,1,0.0,-1036.8654035601005,1
237,1,1,1,1,1,1,0,0,1,0,0,0,1,1,1,1,1,1,1,1,0,1,0,1,0.0,-1036.849218597932,1
238,1,0,0,1,1,0,0,1,1,1,0,0,1,1,1,1,0,1,1,1,1,1,1,1,0.0,-1036.587904012959,1
239,1,1,1,0,0,0,0,0,0,0,1,0,1,1,1,1,1,1,1,1,1,1,0,1,0.0,-1036.556686946076,1
240,1,1,0,0,0,1,0,0,1,1,1,1,1,1,1,1,0,1,0,1,1,1,1,1,0.0,-1036.2635462671785,1
241,1,1,0,1,1,1,1,0,1,1,0,1,1,1,1,1,0,1,1,1,1,0,1,1,0.0,-1036.239863270988,1
242,1,1,0,0,1,0,0,0,1,1,1,0,1,1,1,1,1,1,1,1,0,1,0,1,0.0,-1036.2029175668806,1
243,1,1,1,1,0,0,0,1,1,1,1,0,1,1,1,0,1,1,1,1,1,1,1,1,0.0,-1036.1763340097984,1
244,1,1,1,1,1,1,0,0,1,1,0,0,1,1,1,0,1,1,1,1,0,1,1,1,0.0,-1036.1351767391839,1
245,1,0,0,1,0,1,1,1,1,1,0,1,1,1,1,0,1,1,1,1,1,1,1,0,0.0,-1036.1200823999936,1
246,0,0,1,0,0,1,1,1,0,1,1,1,1,1,1,1,1,1,1,1,1,0,1,0,0.0,-1035.5865974996102,1
247,1,0,1,1,0,1,0,1,0,1,1,0,1,1,1,0,1,1,1,1,1,1,1,1,0.0,-1035.2162206823407,1
248,1,1,0,1,1,1,0,0,1,0,0,0,1,1,1,1,1,0,1,1,1,1,1,0,0.0,-1035.2153767039842,1
249,1,1,0,0,0,1,0,0,1,1,1,0,0,1,1,1,1,1,1,1,1,0,0,1,0.0,-1035.0459766983238,1
250,0,1,1,1,1,0,1,0,0,1,0,1,1,1,1,1,1,1,1,1,1,1,0,1,0.0,-1034.627947897258,1
251,1,0,1,1,0,1,0,1,0,1,0,1,1,1,1,1,0,1,1,1,1,1,1,0,0.0,-1034.5603607903963,1
252,1,1,0,0,1,1,0,0,1,1,0,0,1,1,1,0,1,1,1,1,1,0,0,1,0.0,-1034.5470623306612,1
253,0,0,0,0,1,1,0,0,1,1,0,1,1,1,1,1,1,1,1,1,1,1,1,0,0.0,-1034.3872191709943,1
254,1,1,0,0,0,1,0,1,1,1,1,1,1,1,1,1,0,1,1,1,0,1,1,1,0.0,-1034.1633512027954,1
255,1,1,1,0,1,1,0,0,1,1,1,1,1,1,1,1,1,1,1,1,0,1,0,0,0.0,-1034.090479692241,1
256,1,1,0,1,1,1,0,0,1,1,0,0,1,1,1,1,1,1,1,0,0,1,0,1,0.0,-1034.0282103385953,1
257,1,1,0,0,0,1,0,1,1,0,1,0,1,1,1,1,1,1,1,1,1,0,0,0,0.0,-1033.7157613303616,1
258,1,1,0,0,1,1,0,0,1,1,1,0,1,1,1,0,1,0,1,1,1,1,1,1,0.0,-1033.2992495183871,1
259,1,1,1,1,1,0,1,0,0,1,1,1,1,1,1,1,1,1,1,1,1,1,1,1,0.0,-1033.1820603901085,1
260,1,1,0,0,1,1,0,0,1,1,1,1,1,1,1,1,1,0,1,1,1,1,0,0,0.0,-1032.837558351666,1
261,1,0,1,1,1,0,1,0,1,1,0,1,1,1,1,1,0,1,1,1,1,1,1,1,0.0,-1031.9290026710726,1
262,0,0,1,1,1,0,1,0,0,1,0,1,1,1,1,1,1,1,1,1,1,0,1,1,0.0,-1031.5267505326342,1
263,1,1,0,1,1,1,0,0,0,1,0,0,1,1,1,0,1,1,1,1,1,1,0,1,0.0,-1031.0929565418037,1
264,1,1,0,0,1,1,0,0,0,1,1,0,1,1,1,1,1,1,1,1,0,1,1,0,0.0,-1031.0346358331574,1
265,1,1,1,0,0,0,0,0,1,1,1,0,1,1,1,0,1,1,1,1,1,1,0,1,0.0,-1030.926508240623,1
266,1,1,0,1,1,0,0,0,1,1,0,0,1,1,1,1,1,1,1,1,0,0,1,1,0.0,-1030.8574782295864,1
267,1,1,1,1,1,0,0,0,1,1,0,0,1,1,1,1,1,0,1,1,1,0,1,1,0.0,-1030.004453494251,1
268,0,1,0,1,0,0,0,0,1,1,1,1,1,1,1,1,1,1,1,1,1,1,1,1,0.0,-1029.8332564082214,1
269,1,0,0,1,1,1,0,1,1,1,0,0,0,1,1,1,0,1,1,1,1,1,1,1,0.0,-1029.4680787166135,1
270,1,1,0,0,1,0,0,0,1,1,0,0,1,1,1,1,1,1,1,1,0,1,1,1,0.0,-1029.3951015908813,1
271,1,1,1,0,1,1,0,0,0,1,1,1,1,1,1,1,1,1,0,1,1,0,1,1,0.0,-1028.897310270741,1
272,0,1,0,0,1,0,1,0,1,1,1,1,1,1,1,1,1,1,1,1,1,1,1,0,0.0,-1028.8084266050373,1
273,1,1,0,0,1,1,0,1,1,0,1,0,1,1,1,0,1,1,1,1,1,1,1,1,0.0,-1028.769172312396,1
274,1,1,1,0,1,1,0,0,1,1,1,0,0,1,1,0,1,1,1,1,1,1,1,1,0.0,-1028.6579251389055,1
275,1,0,0,1,0,1,0,1,1,1,1,0,1,1,1,0,1,1,1,1,1,1,0,0,0.0,-1028.4387246889437,1
276,1,1,1,0,1,1,0,0,1,1,1,0,0,1,1,1,1,1,1,0,1,1,1,1,0.0,-1028.0213973316356,1
277,1,1,1,1,0,1,0,0,0,1,0,0,1,1,1,0,1,1,1,1,1,1,0,1,0.0,-1027.712152940495,1
278,1,1,0,0,0,1,0,0,0,0,1,0,1,1,1,1,1,1,1,1,1,1,1,0,0.0,-1027.522810353727,1
279,1,1,0,0,1,0,0,0,1,1,1,0,1,1,1,1,0,1,1,1,1,0,0,1,0.0,-1027.3602011493738,1
280,1,0,1,1,1,1,1,0,0,1,1,1,1,1,1,1,1,1,1,1,1,1,0,1,0.0,-1027.3058102159455,1
281,1,1,1,1,1,0,0,0,1,0,1,1,1,1,1,1,1,1,1,1,1,1,0,0,0.0,-1027.3037260000165,1
282,1,1,1,0,1,0,0,0,1,1,1,1,1,0,1,1,1,1,1,1,1,1,0,1,0.0,-1026.6469197118493,1
283,1,0,1,0,1,0,0,1,1,1,1,1,1,1,1,1,1,1,1,1,1,0,1,0,0.0,-1026.5428852354612,1
284,1,0,0,0,1,1,0,0,1,1,1,0,1,1,1,1,1,1,0,1,1,1,0,0,0.0,-1026.3339652352831,1
285,1,1,0,1,1,1,0,0,1,0,0,0,1,1,1,0,1,1,1,1,1,0,1,0,0.0,-1026.1638085087748,1
286,1,0,0,1,0,1,0,0,1,1,0,0,1,1,1,1,1,1,0,1,1,1,0,1,0.0,-1025.9776300556491,1
287,0,0,0,1,0,1,0,1,1,1,0,0,1,1,1,1,1,1,1,1,1,1,0,0,0.0,-1025.723280051674,1
288,1,1,0,0,1,1,0,0,1,1,1,0,1,0,1,1,1,1,1,1,1,0,0,0,0.0,-1025.3315849174162,1
289,1,1,0,1,1,1,0,0,1,1,0,1,1,0,1,1,1,1,0,1,1,1,1,1,0.0,-1024.5031063998003,1
290,1,1,1,1,1,0,0,0,0,1,0,1,1,1,1,1,1,1,1,1,0,1,0,1,0.0,-1024.4535507088974,2
291,1,1,0,1,1,1,0,0,0,1,1,0,1,1,1,1,1,1,1,1,1,0,0,0,0.0,-1023.9890940210958,1
292,1,1,0,1,0,1,0,1,1,1,1,0,1,1,1,1,1,1,1,0,1,1,0,0,0.0,-1023.9849490287813,1
293,1,1,0,1,1,1,0,0,0,1,1,1,1,1,1,1,0,1,1,1,1,1,1,0,0.0,-1022.864199473956,1
294,1,1,1,1,1,0,0,0,0,1,0,1,1,1,1,1,0,1,1,1,1,1,0,0,0.0,-1022.1783589555341,1
295,1,1,1,1,1,0,0,0,0,1,0,1,1,1,1,1,1,1,1,0,1,1,0,1,0.0,-1021.9214171766788,1
296,1,0,0,0,0,0,1,1,1,1,1,0,1,1,1,1,1,1,1,1,1,0,1,0,0.0,-1021.6672939096245,1
297,1,1,1,1,0,0,0,0,0,0,1,0,1,1,1,1,1,1,1,1,1,1,0,1,0.0,-1021.2379990929968,1
298,1,0,0,0,1,1,1,0,1,1,1,1,1,1,1,1,1,1,1,1,0,1,0,1,0.0,-1021.0563313704663,1
299,0,0,1,1,0,0,1,1,0,1,0,1,1,1,1,1,1,1,1,1,1,0,0,1,0.0,-1021.0035316695615,1
300,1,0,0,0,1,1,1,0,1,1,1,0,1,0,1,1,1,1,1,1,1,1,1,0,0.0,-1020.3453998531043,1
301,1,1,1,0,1,1,0,0,0,1,1,0,1,1,1,1,1,1,0,1,1,0,0,1,0.0,-1019.8347875768726,1
302,1,1,0,0,1,1,0,1,1,1,1,1,1,1,1,1,1,1,0,1,1,0,1,1,0.0,-1019.3497387436706,1
303,1,1,0,1,1,1,1,0,1,1,1,0,1,1,1,1,1,0,1,1,1,1,1,1,0.0,-1019.2758805140696,1
304,1,0,0,0,1,1,1,0,1,1,1,1,1,1,1,1,0,1,1,1,1,1,0,0,0.0,-1018.791139617103,1
305,1,1,1,0,1,1,0,0,1,1,1,0,1,1,1,1,1,0,1,1,1,0,0,1,0.0,-1018.6879495869731,1
306,1,1,1,0,1,1,0,0,1,1,0,0,1,1,1,1,1,1,1,1,0,1,0,0,0.0,-1018.2201410223731,1
307,1,1,1,0,1,0,0,0,1,1,1,0,1,1,1,0,1,1,1,1,0,1,1,1,0.0,-1018.025178595318,1
308,1,1,0,1,1,1,0,0,1,1,1,0,1,1,1,0,1,0,1,1,1,1,1,1,0.0,-1017.9605616653079,1
309,0,1,1,1,1,0,1,0,0,1,1,1,1,1,1,1,1,1,1,1,1,1,0,1,0.0,-1017.6962541639567,1
310,1,1,1,0,0,1,0,0,0,1,1,0,1,1,1,1,1,1,0,1,1,0,1,1,0.0,-1017.5245259636432,1
311,1,1,0,1,1,1,0,0,1,1,0,1,1,1,1,0,1,1,1,1,0,1,0,1,0.0,-1017.466770549034,1
312,0,0,0,1,1,0,1,0,1,1,1,1,1,1,1,1,1,1,1,1,1,1,1,0,0.0,-1017.2969866048509,1
313,1,1,1,1,1,0,0,0,1,1,0,1,1,1,1,1,1,1,0,1,1,1,0,0,0.0,-1015.5747117047579,1
314,1,1,0,0,1,1,0,0,1,1,1,1,1,1,1,0,1,1,1,1,0,1,1,0,0.0,-1015.512844115439,1
315,1,1,0,1,1,1,0,0,1,1,1,0,1,1,1,0,1,1,1,0,1,1,0,1,0.0,-1015.2209108803451,1
316,1,1,1,1,1,1,1,0,0,0,0,0,1,1,1,1,1,1,1,1,1,1,0,1,0.0,-1014.9745782777508,1
317,0,0,1,1,1,0,1,0,1,1,0,1,1,1,1,1,1,1,0,1,1,1,1,1,0.0,-1014.7256860408496,1
318,1,1,1,0,1,1,0,0,1,1,1,0,1,1,1,1,1,1,0,1,1,0,0,0,0.0,-1014.5277301767944,1
319,1,0,0,0,1,0,0,0,1,1,1,0,1,1,1,1,0,1,1,1,1,1,0,1,0.0,-1014.3863845104821,1
320,1,0,1,1,0,0,1,1,1,1,1,1,1,1,1,1,1,1,1,1,1,0,1,0,0.0,-1014.3105867623342,1
321,1,0,0,0,1,0,0,0,1,1,1,1,1,1,1,1,1,1,1,1,1,1,0,0,0.0,-1013.9433588188028,1
322,0,1,1,0,1,1,0,0,1,0,0,1,1,1,1,1,1,1,1,1,1,1,0,1,0.0,-1013.46719475866,1
323,0,0,0,1,1,1,0,1,1,1,1,1,1,1,1,1,1,1,1,1,1,0,1,0,0.0,-1013.2659254079535,1
324,1,0,0,1,0,1,1,1,1,1,0,1,1,1,1,1,1,0,1,1,1,1,0,1,0.0,-1012.3336356403603,1
325,1,1,1,1,1,1,0,0,1,1,0,1,1,1,1,1,0,1,1,1,0,0,1,1,0.0,-1012.0000984497946,1
326,1,1,0,0,1,1,0,1,1,1,1,0,1,1,1,0,1,1,1,1,1,0,0,1,0.0,-1011.983391928915,1
327,1,0,1,0,1,1,1,0,1,1,1,0,1,1,1,0,1,1,1,1,1,1,0,1,0.0,-1011.568641544968,1
328,1,1,0,1,1,0,0,0,1,1,0,0,1,1,1,1,1,1,1,1,0,1,0,0,0.0,-1011.1345126030308,1
329,1,1,0,1,1,1,0,0,1,1,1,0,1,1,1,1,0,0,1,1,1,0,1,1,0.0,-1011.0334509727496,1
330,0,1,1,1,0,0,1,0,1,0,0,1,1,1,1,1,1,1,1,1,1,1,1,1,0.0,-1010.9783943125884,1
331,1,1,1,1,1,1,0,0,0,1,0,0,0,1,1,1,1,1,1,1,0,1,1,1,0.0,-1010.8121833000822,1
332,1,1,1,1,1,0,0,0,1,1,0,1,1,1,1,0,1,1,1,1,1,0,0,1,0.0,-1010.6933629197268,1
333,1,1,0,0,1,1,0,0,1,0,0,1,1,1,1,1,1,0,1,1,1,1,1,1,0.0,-1009.9975078043045,1
334,1,1,1,1,1,0,0,0,1,1,1,1,1,1,1,0,0,1,1,1,1,1,1,1,0.0,-1009.8347422361168,1
335,0,1,1,1,0,0,1,1,0,1,1,1,1,1,1,1,1,1,1,1,1,1,1,1,0.0,-1009.6940158822828,1
336,1,1,0,1,1,1,0,0,1,0,1,0,1,1,1,0,1,1,1,1,1,0,1,0,0.0,-1009.2621147754735,1
337,1,0,0,0,1,1,0,1,1,1,1,1,1,0,1,1,1,1,1,1,1,0,1,1,0.0,-1009.2107896398046,1
338,1,0,1,0,1,0,0,0,1,1,1,0,1,1,1,1,1,1,1,1,0,0,1,1,0.0,-1008.3016685048764,1
339,1,0,0,0,0,1,1,1,1,1,0,0,0,1,1,1,1,1,1,1,1,0,1,1,0.0,-1008.1105731906526,1
340,0,1,1,1,0,1,0,0,0,0,1,1,1,1,1,1,1,1,1,1,1,1,1,1,0.0,-1007.562198115056,1
341,1,1,0,1,1,1,0,0,1,1,0,0,1,1,1,1,1,1,1,0,0,1,0,0,0.0,-1007.3767994945232,1
342,1,1,0,0,1,1,0,0,1,1,1,1,1,1,1,1,1,1,0,1,0,0,1,1,0.0,-1007.2791435721825,1
343,1,1,0,1,0,1,0,1,1,1,1,0,1,1,1,1,0,1,1,0,1,1,0,1,0.0,-1007.2400071236294,1
344,1,1,0,0,1,1,0,0,1,1,1,1,1,1,1,0,0,1,1,1,1,0,0,1,0.0,-1007.0510482513049,1
345,0,1,1,1,1,0,0,0,1,1,0,1,1,1,1,1,1,0,1,1,1,1,1,1,0.0,-1006.7201054701831,1
346,1,1,0,0,1,1,0,0,1,0,1,1,1,1,1,1,1,1,0,1,1,0,0,1,0.0,-1006.0875797059817,1
347,0,0,1,1,1,1,1,0,1,1,0,1,1,1,1,1,1,1,1,0,1,1,0,1,0.0,-1006.0318360856371,1
348,1,0,0,0,1,1,1,0,1,1,0,0,1,1,1,1,1,0,1,1,1,1,1,1,0.0,-1005.4035099533427,1
349,0,1,0,1,1,1,1,0,1,0,1,1,1,1,1,1,1,1,1,1,1,0,0,1,0.0,-1004.5050706453247,1
350,1,0,0,1,0,1,0,1,1,1,0,0,1,1,1,0,1,0,1,1,1,1,1,1,0.0,-1004.4567746791287,1
351,1,1,0,1,0,1,0,0,1,1,0,0,1,1,1,1,1,1,0,1,0,1,0,1,0.0,-1004.3978103628237,1
352,0,1,1,0,1,0,0,0,0,1,1,1,0,1,1,1,1,1,1,1,1,1,1,1,0.0,-1003.9714734638654,1
353,1,0,0,0,1,1,0,0,1,1,1,1,1,1,1,0,1,1,1,1,1,0,1,0,0.0,-1003.8937283000485,1
354,1,1,1,1,1,1,0,0,1,1,1,0,1,1,1,1,1,0,1,1,1,0,0,1,0.0,-1003.349261733894,1
355,0,1,0,1,1,1,1,0,1,1,1,1,1,1,1,1,1,1,1,0,1,0,1,1,0.0,-1003.144500979307,1
356,1,1,0,1,0,1,0,0,1,0,0,1,0,1,1,1,1,1,1,1,1,0,1,1,0.0,-1003.0378598569797,1
357,0,1,0,1,1,1,1,0,1,1,0,1,1,1,1,1,1,1,1,1,0,1,0,0,0.0,-1002.9053626182713,1
358,1,1,0,0,1,1,0,0,1,1,1,1,0,1,1,1,1,1,1,0,1,0,1,1,0.0,-1002.424545923969,1
359,1,0,1,0,1,0,1,0,0,1,1,0,1,1,1,1,1,1,1,1,0,1,1,1,0.0,-1001.8733918529784,1
360,1,1,0,1,1,1,0,0,1,1,0,0,1,1,1,0,1,0,1,1,1,0,1,1,0.0,-1001.6833198903934,1
361,1,0,0,1,0,1,1,1,1,1,1,0,1,1,1,1,1,1,0,1,1,0,1,0,0.0,-1001.5412448761949,1
362,1,1,1,1,1,0,0,0,1,0,0,1,1,1,1,0,1,1,1,1,1,1,0,1,0.0,-1001.2186530125085,1
363,1,1,1,0,1,0,1,0,1,0,1,1,1,1,1,1,1,1,1,1,1,1,1,0,0.0,-1000.6000454276752,1
364,0,0,0,1,0,1,0,1,1,1,1,1,1,1,1,1,1,1,1,1,0,1,0,1,0.0,-1000.5024577256811,1
365,1,1,1,0,0,0,0,1,0,1,1,0,0,1,1,1,1,1,1,1,1,1,0,1,0.0,-999.9315381330767,1
366,1,1,0,1,1,1,0,0,1,0,0,0,1,1,1,0,1,1,1,1,1,0,0,0,0.0,-999.8733182180756,1
367,0,1,0,1,0,1,1,0,1,0,0,1,1,1,1,1,1,1,1,1,1,1,0,0,0.0,-999.4035371388411,1
368,1,1,1,1,1,1,0,0,1,1,0,0,1,1,1,0,1,1,0,1,1,0,1,1,0.0,-999.3744596269065,1
369,0,1,0,1,1,1,1,0,1,1,0,1,1,1,1,1,1,1,0,1,1,1,0,0,0.0,-999.3335810142098,1
370,0,0,1,1,0,0,1,1,1,1,0,1,1,1,1,0,1,1,1,1,1,0,1,1,0.0,-998.9601978393736,1
371,1,1,0,0,1,1,0,0,1,1,1,0,0,1,1,1,1,1,0,1,1,1,0,0,0.0,-998.8598998224018,1
372,1,1,1,1,1,1,0,0,1,0,1,1,1,1,1,1,1,1,0,1,1,1,1,0,0.0,-998.766855110365,1
373,0,0,0,0,0,1,1,1,1,1,1,1,0,1,1,0,1,1,1,1,1,1,1,1,0.0,-998.256353868402,1
374,1,0,1,1,1,1,1,0,1,1,0,1,1,1,1,1,1,0,1,1,1,1,1,1,0.0,-998.0168028060524,1
375,0,1,0,0,1,0,0,0,1,0,0,1,1,1,1,1,1,1,1,1,1,1,1,1,0.0,-998.0007444830959,1
376,0,1,1,1,0,1,0,0,0,1,1,1,1,1,1,1,1,1,1,1,1,1,0,0,0.0,-997.3339423957191,1
377,1,1,1,0,1,0,0,0,1,1,1,1,1,1,1,0,1,1,0,1,1,1,1,1,0.0,-997.2454293944255,1
378,1,0,1,0,1,1,0,0,1,1,1,0,1,0,1,1,0,1,1,1,1,1,1,1,0.0,-997.1032649666917,1
379,0,0,0,0,0,1,0,1,1,1,1,1,1,1,1,0,0,1,1,1,1,1,1,1,0.0,-996.8196773952867,1
380,1,1,1,1,1,0,0,0,0,0,0,0,1,1,1,0,1,1,1,1,1,1,1,0,0.0,-996.7013466119724,1
381,1,0,1,1,0,0,0,1,1,1,1,1,1,1,1,0,1,1,1,1,1,1,0,1,0.0,-996.5451239751609,1
382,0,1,1,1,1,0,1,0,1,0,1,1,1,1,1,1,1,1,1,1,1,1,0,1,0.0,-996.3569621925166,1
383,0,0,0,1,1,1,0,1,1,1,0,1,1,1,1,1,1,1,1,1,0,1,0,1,0.0,-996.0049033629109,1
384,0,1,1,1,0,1,1,0,0,1,0,1,1,1,1,1,1,1,1,1,1,1,0,0,0.0,-995.9527774129008,1
385,1,1,1,0,1,1,0,0,1,1,1,0,0,1,1,0,1,1,1,1,1,0,1,1,0.0,-995.4689896306896,1
386,1,1,0,0,1,1,1,0,1,1,1,0,0,1,1,1,1,1,1,1,1,0,0,1,0.0,-995.3538698861327,1
387,1,0,0,0,0,1,0,1,1,1,1,1,1,1,1,1,1,1,1,1,0,0,0,0,0.0,-995.256115161925,1
388,1,1,1,0,1,0,0,0,0,0,1,0,1,1,1,1,0,1,1,1,1,1,0,0,0.0,-995.0896752567087,1
389,1,1,1,0,1,0,0,0,0,1,1,0,1,1,1,1,1,1,0,1,0,1,1,1,0.0,-995.0146492722113,1
390,1,1,0,1,0,1,0,0,1,0,1,1,1,1,1,1,1,1,0,1,1,1,1,0,0.0,-995.0061549038169,1
391,1,1,1,0,0,0,0,0,1,1,1,1,1,1,1,1,0,1,0,1,1,1,1,1,0.0,-994.9365023061545,1
392,1,1,1,0,1,0,0,0,0,0,1,0,1,1,1,1,1,1,1,0,1,1,0,1,0.0,-994.8527334778533,1
393,1,1,1,1,1,0,0,0,0,1,0,0,1,1,1,1,0,1,0,1,1,1,0,1,0.0,-994.683383952443,1
394,1,1,0,1,0,1,0,0,1,1,1,1,1,1,1,0,1,1,0,1,1,1,1,1,0.0,-994.6630335984418,1
395,1,1,0,1,1,1,0,0,1,1,1,1,0,1,1,0,1,1,1,1,1,1,0,1,0.0,-994.6508310956764,1
396,1,1,1,1,1,1,0,1,1,1,0,1,1,1,0,1,1,1,1,1,1,1,1,1,0.0,-994.0750377456237,1
397,1,1,1,0,0,0,0,0,1,1,1,0,1,1,0,1,1,1,1,1,1,1,0,1,0.0,-994.0537416724056,1
398,1,1,0,0,1,0,0,0,1,1,0,1,1,1,1,1,1,1,1,1,1,0,0,0,0.0,-993.8288691909956,1
399,1,1,1,0,1,0,0,0,1,1,0,0,1,1,1,0,1,1,1,1,1,0,0,1,0.0,-993.2200183696372,1
400,1,0,0,1,1,1,0,1,1,1,0,1,1,1,1,0,1,1,1,1,0,1,1,1,0.0,-991.8925320241812,1
401,1,0,0,0,0,1,1,1,0,1,1,1,1,1,1,1,1,1,1,1,0,1,1,1,0.0,-991.7497396447983,1
402,0,0,0,0,1,1,0,0,1,1,0,1,1,1,1,1,0,1,1,1,1,1,0,1,0.0,-991.3617869751434,1
403,1,0,1,1,0,0,0,0,0,1,0,0,1,1,1,1,0,1,1,1,1,1,0,1,0.0,-991.2342333454013,1
404,0,1,0,0,1,1,1,0,1,1,1,1,1,1,1,1,1,1,0,1,1,0,0,1,0.0,-991.193050469844,1
405,1,1,0,1,1,1,0,0,1,1,0,1,1,1,1,1,1,0,1,0,1,1,0,1,0.0,-990.7772697038091,1
406,1,1,1,0,1,1,0,0,1,1,1,0,1,0,1,0,1,1,1,1,1,1,0,1,0.0,-990.7437020074423,1
407,1,0,0,1,0,0,0,1,1,1,1,0,1,1,1,1,1,1,1,1,0,1,0,1,0.0,-990.4487489943209,1
408,1,0,0,1,0,0,0,1,1,1,0,1,1,1,1,1,1,0,1,1,1,1,1,1,0.0,-990.3799923835353,1
409,1,1,1,0,1,0,0,0,1,1,1,0,1,1,1,1,1,0,0,1,1,1,1,1,0.0,-990.2960296782502,1
410,1,1,0,0,1,1,0,0,1,0,0,0,1,1,1,1,1,1,0,1,1,0,0,1,0.0,-990.177241036114,1
411,1,1,0,0,1,1,0,0,1,1,1,0,1,1,1,0,0,0,1,1,1,1,1,1,0.0,-989.912896769163,1
412,0,0,0,1,0,1,1,1,1,1,0,1,1,1,1,1,1,0,1,1,1,0,0,1,0.0,-989.8593841966921,1
413,1,1,0,0,1,1,1,0,1,1,1,0,1,1,1,1,1,1,0,1,0,1,1,1,0.0,-989.3831879611097,1
414,1,1,1,1,1,0,0,0,0,1,1,0,1,1,1,0,1,1,1,1,1,0,1,0,0.0,-989.2743627858897,1
415,1,1,0,1,0,1,0,0,1,1,1,0,1,1,1,0,1,1,1,1,0,1,0,1,0.0,-989.1722925086351,1
416,1,0,1,0,1,0,0,1,1,1,1,1,1,1,1,1,1,1,0,1,1,1,0,1,0.0,-988.7883878530557,1
417,1,0,0,0,1,1,0,1,1,1,1,1,1,1,1,1,1,1,0,1,0,1,1,1,0.0,-988.6333502648463,1
418,1,0,1,0,1,1,1,0,0,1,1,0,1,1,1,1,1,1,0,1,1,1,1,0,0.0,-988.1971916684884,1
419,0,1,1,1,0,0,1,1,1,1,0,1,1,1,1,1,1,1,1,1,1,0,1,0,0.0,-988.1497167072903,1
420,0,1,0,0,1,0,0,0,1,1,1,1,1,1,1,1,1,1,1,1,1,0,0,0,0.0,-987.6318595222419,1
421,1,1,0,1,1,1,0,0,1,1,0,1,1,1,1,0,1,1,0,1,1,1,0,0,0.0,-987.2535781009003,1
422,1,1,1,1,1,1,0,0,1,1,0,1,0,1,1,0,1,1,1,1,1,1,0,1,0.0,-986.7724731315972,1
423,1,1,1,1,1,0,1,0,1,0,0,0,1,1,1,1,1,1,1,1,1,0,0,1,0.0,-986.5830039498854,1
424,1,1,1,1,1,0,0,1,0,1,1,1,1,1,1,1,1,1,1,1,1,0,0,1,0.0,-986.4135166388684,1
425,0,1,0,1,1,1,0,0,1,0,1,1,1,1,1,0,1,1,1,1,1,1,0,1,0.0,-986.3586873047785,1
426,1,1,1,1,1,1,1,0,1,0,0,0,1,1,1,1,0,1,1,1,1,0,1,1,0.0,-985.9941337550043,1
427,0,0,1,1,0,1,1,1,1,1,0,1,1,1,0,1,1,1,1,1,1,1,1,0,0.0,-985.1719481989435,1
428,0,1,1,1,1,1,0,0,0,1,1,1,1,1,1,1,1,0,1,1,1,1,1,1,0.0,-984.9910505565314,1
429,1,1,0,1,1,0,0,0,1,0,1,1,1,1,1,1,1,1,1,0,1,1,1,1,0.0,-984.7309734600168,1
430,0,1,0,0,1,1,1,0,1,1,1,1,1,1,1,0,1,1,1,1,0,1,1,1,0.0,-984.576080307939,1
431,1,1,0,0,1,1,0,1,1,1,1,0,1,0,1,1,1,1,0,1,1,1,1,1,0.0,-984.4660914479645,1
432,1,1,1,0,1,0,0,0,1,0,1,1,1,1,1,1,0,1,1,1,0,1,1,1,0.0,-984.4153903987103,1
433,1,0,1,0,1,1,0,0,0,1,1,1,1,1,1,0,1,1,1,1,1,0,1,1,0.0,-984.4107340027462,1
434,0,1,1,1,0,1,1,1,0,1,0,0,1,1,1,1,1,1,1,1,1,1,0,1,0.0,-984.1301791853595,1
435,0,1,0,1,1,1,0,0,0,1,1,1,1,1,1,1,0,1,1,1,1,1,0,1,0.0,-983.9698040918764,1
436,1,1,0,1,0,0,0,0,1,0,0,1,1,1,1,1,1,1,1,1,1,0,0,1,0.0,-983.877194862626,1
437,0,1,1,1,0,0,0,0,1,1,1,1,1,1,1,1,1,1,0,1,1,1,1,1,0.0,-983.7088512668469,1
438,1,0,0,1,0,1,0,1,0,1,1,0,1,1,1,1,1,1,1,0,1,1,0,1,0.0,-983.119254281752,1
439,1,1,0,1,0,1,0,1,1,1,0,1,1,1,1,1,1,0,1,0,1,1,1,1,0.0,-982.7950314221351,1
440,1,1,1,0,0,1,1,0,0,1,1,0,1,1,1,1,1,1,0,1,1,1,1,1,0.0,-982.4306027557394,1
441,1,1,0,0,1,1,0,0,1,1,1,0,1,1,1,1,1,0,1,1,0,1,0,0,0.0,-982.2729541085645,1
442,1,1,1,0,0,1,0,0,0,1,1,0,1,1,1,0,1,1,1,0,1,1,1,1,0.0,-982.1149319788204,1
443,1,1,1,1,1,1,0,0,0,1,0,1,1,1,1,1,1,0,1,1,1,0,0,1,0.0,-981.7386344263701,1
444,1,1,1,1,0,1,0,1,0,0,0,0,1,1,1,1,1,0,1,1,1,1,1,1,0.0,-981.4896538343088,1
445,1,1,0,1,1,1,0,0,1,1,0,1,1,1,1,1,0,1,1,0,1,0,0,0,0.0,-981.3461154801851,1
446,1,0,0,0,0,1,0,1,1,1,1,1,1,1,1,1,1,1,0,0,1,1,0,1,0.0,-981.2499745380002,1
447,1,1,0,0,1,1,0,0,1,0,1,1,1,1,1,0,1,1,1,1,1,0,0,0,0.0,-981.1123447410223,1
448,1,1,0,0,1,1,0,0,0,1,1,0,1,1,1,1,0,1,1,1,0,0,1,1,0.0,-981.0807584197897,1
449,0,0,1,0,1,1,1,0,1,1,1,1,1,1,1,1,1,0,1,1,1,1,0,1,0.0,-980.9279906996784,1
450,1,1,0,0,0,1,0,0,1,1,1,1,1,1,1,1,0,1,1,1,0,0,0,1,0.0,-980.3559020723251,1
451,1,1,1,1,1,1,0,0,1,1,0,1,1,1,0,0,1,1,1,1,1,1,1,1,0.0,-980.1488368491868,1
452,1,1,1,0,1,0,0,1,1,1,1,0,1,1,1,1,1,0,1,1,1,1,0,1,0.0,-979.6879161631006,1
453,1,1,1,0,1,0,0,0,0,1,1,1,1,1,1,0,1,1,1,1,0,1,1,1,0.0,-979.4928575544931,1
454,0,0,0,1,1,0,0,0,1,1,1,0,1,1,1,1,1,1,1,1,1,1,1,1,0.0,-979.4592237618734,1
455,1,0,1,0,1,0,0,1,0,1,0,1,1,1,1,1,1,1,1,1,1,1,0,0,0.0,-979.0686707422851,1
456,1,1,0,0,0,0,0,0,1,1,1,0,1,1,1,0,1,1,1,1,1,1,0,0,0.0,-979.0551490939313,1
457,1,1,1,0,1,0,0,0,0,0,1,1,1,1,1,0,1,1,1,1,1,1,0,1,0.0,-978.3012936882923,1
458,0,1,1,0,1,0,1,0,1,1,0,1,1,1,1,1,0,1,1,1,1,1,0,1,0.0,-977.9246364451072,1
459,0,1,0,1,0,0,0,0,1,0,0,1,1,1,1,1,1,1,1,1,1,1,0,1,0.0,-977.8008144353893,1
460,0,1,0,1,1,0,0,0,1,1,0,1,1,1,1,1,1,1,0,1,1,1,0,1,0.0,-977.7408583107577,1
461,1,0,1,1,1,0,1,0,0,1,0,0,1,1,1,1,1,0,1,1,1,1,1,1,0.0,-977.4034246952457,1
462,1,0,1,1,0,0,1,0,1,1,0,1,1,1,1,1,0,1,1,1,1,1,1,0,0.0,-976.7368399230718,1
463,1,1,1,1,1,0,0,0,1,0,0,1,1,1,1,1,1,0,1,1,1,1,1,0,0.0,-976.6903651461294,1
464,1,0,0,0,1,1,0,1,1,1,1,0,1,1,1,1,1,1,0,0,1,1,1,0,0.0,-976.6677734853865,1
465,1,1,1,1,1,0,0,0,1,0,0,1,1,1,1,1,1,1,1,1,0,1,0,0,0.0,-976.4728478933852,1
466,0,1,1,1,1,0,0,0,0,1,1,1,1,1,1,1,1,1,1,1,1,0,0,0,0.0,-976.1787665277884,1
467,0,0,1,1,0,0,1,1,1,0,0,1,1,1,1,1,1,1,1,1,1,0,1,1,0.0,-975.9447299888205,1
468,1,1,1,0,1,1,0,0,0,0,0,0,0,1,1,1,1,1,1,1,1,1,0,1,0.0,-974.9493072869606,1
469,1,1,0,1,1,1,0,0,1,1,0,0,1,1,1,1,1,0,1,0,1,0,0,1,0.0,-974.7663017924245,1
470,1,0,1,1,1,1,0,0,1,0,1,1,1,1,1,1,1,1,1,1,1,1,1,0,0.0,-973.9284564072518,1
471,1,0,1,1,1,0,1,0,1,0,0,0,1,1,1,1,1,1,1,1,1,1,0,1,0.0,-973.6091873109939,1
472,1,1,1,1,1,0,0,0,0,1,0,1,0,1,1,1,1,1,0,1,1,1,1,1,0.0,-973.5054418355461,1
473,0,0,1,1,0,1,1,1,1,1,0,1,0,1,1,1,1,1,0,1,1,1,1,1,0.0,-973.363132172131,1
474,0,1,0,0,1,1,0,0,0,0,1,1,1,1,1,1,1,1,1,1,1,1,0,0,0.0,-973.359788434673,1
475,1,1,1,1,1,0,0,0,0,0,1,0,1,1,1,1,0,1,1,1,1,0,0,1,0.0,-973.2234627394859,1
476,1,1,1,1,1,0,0,0,0,0,0,1,1,1,1,1,0,1,1,1,1,0,0,1,0.0,-972.9371888759562,1
477,1,0,1,0,0,1,1,1,0,1,1,0,1,1,1,0,1,1,1,1,1,0,0,1,0.0,-972.7926240203852,1
478,1,1,1,1,1,0,0,0,0,0,0,0,1,1,1,1,1,1,1,1,0,1,0,0,0.0,-972.3064620462221,1
479,0,0,0,0,0,1,0,0,1,1,1,1,1,1,1,1,1,0,1,1,1,1,1,1,0.0,-971.720639499949,1
480,0,0,1,0,0,1,1,1,0,1,1,1,1,1,1,1,1,1,0,1,1,1,0,0,0.0,-971.1906892731326,1
481,1,0,1,0,1,1,1,0,1,1,0,0,1,1,1,1,1,1,1,0,1,0,1,1,0.0,-970.935362253483,1
482,1,1,1,1,1,1,0,0,0,0,1,1,1,1,1,1,1,1,0,1,1,0,1,1,0.0,-970.8949770022274,1
483,0,1,0,0,1,1,0,0,1,1,1,1,0,1,1,0,1,1,1,1,1,1,0,1,0.0,-970.7142030133031,1
484,1,1,0,1,1,1,1,0,1,0,0,1,0,1,1,1,1,1,1,1,1,1,0,1,0.0,-970.2541982623053,1
485,1,0,1,0,0,1,1,1,1,1,1,0,1,1,1,1,1,0,1,1,1,0,0,1,0.0,-969.9696101513729,1
486,1,1,1,1,1,1,1,0,1,1,0,1,1,0,1,1,1,1,1,1,1,0,1,1,0.0,-969.5056139220789,1
487,1,0,0,0,1,1,0,0,0,0,1,1,1,1,1,1,1,1,1,1,1,1,1,1,0.0,-969.3942533577894,1
488,0,1,0,0,1,0,1,0,1,1,1,1,1,1,1,1,1,1,1,1,1,0,0,0,0.0,-969.3490008061224,1
489,1,1,1,1,0,1,0,0,0,1,1,0,1,1,1,0,1,1,1,1,0,1,1,1,0.0,-969.3183776579599,1
490,1,1,1,1,0,0,1,0,0,1,0,0,1,1,1,1,0,1,1,1,1,1,0,1,0.0,-969.154126776389,1
491,1,0,1,1,0,0,1,1,0,1,1,0,1,1,1,1,1,1,1,1,0,0,1,1,0.0,-969.0930399193104,1
492,1,1,1,0,1,1,0,0,1,1,1,0,0,1,1,1,1,1,1,0,1,0,0,1,0.0,-968.5619715327206,1
493,0,0,0,1,0,1,1,1,1,1,0,1,1,1,1,1,1,1,0,0,1,0,1,1,0.0,-968.3263605491335,1
494,1,1,0,1,1,1,1,0,1,1,1,1,1,1,1,1,1,1,1,1,0,0,1,0,0.0,-968.3205396029059,1
495,1,1,0,0,1,0,0,0,1,1,1,1,1,0,1,1,1,1,1,1,1,0,0,1,0.0,-968.2580359010138,1
496,1,0,0,1,1,1,1,0,1,1,0,0,1,1,1,1,1,1,0,1,0,1,1,0,0.0,-968.1520308501525,1
497,1,1,1,0,0,0,0,0,1,1,1,0,0,0,1,1,1,1,1,1,1,1,1,1,0.0,-967.8978081354618,1
498,1,1,1,1,0,0,0,0,1,0,1,0,1,1,1,1,1,1,1,1,0,0,1,1,0.0,-967.8913354795418,1
499,1,0,1,1,1,0,0,0,1,1,0,0,0,1,1,1,0,1,1,1,1,1,0,1,0.0,-967.5225211333349,1
500,1,0,1,0,0,0,1,1,1,1,1,0,1,1,1,0,0,1,1,1,1,1,0,1,0.0,-967.4025679597274,1
501,1,1,0,1,1,1,0,0,1,1,1,1,1,1,1,0,1,1,1,1,0,0,0,1,0.0,-967.356141307517,1
502,0,1,1,1,1,0,0,0,0,0,0,1,1,1,1,0,1,1,1,1,1,1,1,1,0.0,-966.8794739237611,1
503,1,1,0,1,1,1,1,0,1,1,1,1,1,1,1,0,1,1,1,1,1,0,0,1,0.0,-966.79585443133,1
504,1,1,0,0,1,1,0,0,1,1,0,0,1,1,1,0,1,1,1,1,0,0,0,1,0.0,-966.7744904907285,1
505,1,1,1,1,1,0,0,0,1,0,1,1,1,1,1,1,0,1,1,0,1,1,1,1,0.0,-966.5445690134126,1
506,1,0,1,0,1,0,1,1,0,1,1,0,1,1,1,1,1,1,0,1,1,1,0,1,0.0,-966.3691432897732,1
507,1,1,1,1,1,0,0,0,1,1,0,0,1,1,1,1,1,0,1,0,1,1,1,0,0.0,-966.2772727862434,1
508,1,1,0,0,1,0,0,0,1,1,1,0,1,1,1,1,0,1,1,1,0,1,0,0,0.0,-966.1451539735847,1
509,0,1,0,1,0,1,0,0,1,0,0,1,1,1,1,1,1,1,0,1,1,0,1,1,0.0,-966.075008037522,1
510,1,1,0,0,1,1,0,0,1,1,1,0,0,1,1,1,1,1,0,1,1,0,0,0,0.0,-965.640964314186,1
511,1,1,1,1,0,1,0,0,0,1,0,1,1,1,1,0,1,1,0,1,1,1,1,1,0.0,-965.4603221903686,1
512,1,1,1,1,1,1,0,0,0,0,1,0,1,1,1,1,1,1,1,1,0,0,0,1,0.0,-965.4042359124206,1
513,1,1,1,1,1,0,0,0,0,1,1,0,1,1,1,1,1,0,1,1,1,0,1,0,0.0,-965.1169954728834,1
514,0,1,0,1,0,1,0,0,1,0,0,1,1,1,0,1,1,1,1,1,1,1,1,1,0.0,-964.0873528566334,1
515,1,1,0,1,1,1,0,0,1,0,0,0,1,1,1,1,1,1,0,1,0,1,0,0,0.0,-963.643506007246,1
516,0,0,0,0,1,1,1,0,1,1,0,1,1,1,1,0,1,1,1,1,1,0,1,0,0.0,-963.2272473817777,1
517,1,1,1,0,1,1,1,0,0,1,1,1,1,1,1,1,0,1,1,1,1,0,1,0,0.0,-961.9110414053193,1
518,1,0,1,1,0,1,0,0,1,1,0,1,1,1,1,1,1,0,1,1,1,1,1,0,0.0,-961.1474987741713,1
519,1,1,1,1,1,0,0,0,1,0,0,0,1,1,1,1,1,0,1,1,1,0,0,1,0.0,-961.0503177881175,1
520,1,0,1,0,0,1,1,1,1,1,1,1,0,1,1,1,1,1,0,1,1,1,1,1,0.0,-961.0454422273614,1
521,0,0,0,1,1,1,1,0,1,1,0,1,1,1,0,1,1,1,1,1,1,0,1,0,0.0,-961.0257929604813,1
522,1,1,0,1,1,0,1,0,1,0,0,0,1,1,1,1,1,1,1,1,1,0,1,0,0.0,-961.012135093893,1
523,0,0,0,1,1,1,1,0,0,1,0,1,1,1,1,0,1,1,1,1,1,1,0,1,0.0,-960.1440621462931,1
524,1,0,0,0,0,1,0,1,0,1,0,0,1,1,1,1,0,1,1,1,1,0,0,1,0.0,-959.0090529828441,1
525,1,1,1,1,1,0,0,0,1,1,1,0,1,0,1,0,1,1,1,1,1,1,0,1,0.0,-958.8780218907197,1
526,1,1,1,1,1,0,0,0,1,1,0,0,1,1,1,1,1,1,0,1,0,0,0,1,0.0,-958.4525827975126,1
527,1,1,1,1,0,1,0,0,0,0,0,0,1,1,1,0,1,1,1,1,1,1,0,0,0.0,-958.3670966809884,1
528,1,1,0,0,0,1,0,0,1,0,1,0,1,1,1,0,1,1,0,1,1,1,0,1,0.0,-958.2255533422186,1
529,1,0,0,0,1,1,0,1,1,1,1,1,0,1,1,0,1,1,1,1,1,1,0,1,0.0,-958.1547901332034,1
530,0,0,0,1,1,1,1,0,1,0,1,1,1,1,1,1,1,1,1,1,1,0,1,0,0.0,-957.9713979448443,1
531,1,1,0,1,1,1,0,0,1,1,0,0,1,1,1,0,1,1,1,0,0,0,1,1,0.0,-957.4415875561973,1
532,1,0,1,1,1,0,1,0,0,1,0,1,1,1,1,1,1,1,1,0,1,1,1,0,0.0,-957.084885760079,1
533,1,1,0,0,1,1,0,0,1,0,0,0,1,1,1,0,1,1,1,1,0,1,1,0,0.0,-956.928860030137,1
534,1,0,1,1,1,0,1,1,1,1,1,0,1,1,1,0,0,1,1,1,1,1,1,1,0.0,-956.9051223012763,1
535,1,0,1,0,1,1,0,1,1,1,1,0,1,1,1,0,1,0,1,1,1,1,1,1,0.0,-956.6644690054546,1
536,0,0,0,1,1,1,1,1,0,1,0,1,1,1,1,1,1,0,1,1,1,1,1,1,0.0,-956.5852084555414,1
537,1,1,1,0,1,1,0,0,0,1,1,0,0,1,1,1,1,0,1,1,1,1,1,0,0.0,-956.5347935378329,1
538,1,1,1,1,1,0,0,0,1,1,1,1,1,1,0,1,1,1,1,1,1,0,1,0,0.0,-956.5279820648354,1
539,1,1,1,1,1,0,1,0,0,1,0,1,1,1,1,1,1,1,1,1,0,1,0,1,0.0,-956.1606919927779,1
540,1,1,0,0,0,0,0,1,1,1,1,0,1,1,1,0,1,1,1,0,1,1,1,1,0.0,-956.0503681881067,1
541,1,1,1,0,0,1,0,1,1,1,1,1,1,1,1,1,1,0,0,1,1,1,1,1,0.0,-955.3623257726898,1
542,1,1,1,1,1,0,0,0,0,1,1,0,1,1,1,1,0,0,1,1,1,1,0,1,0.0,-955.3004987852481,1
543,1,1,0,0,0,1,0,0,0,1,1,0,1,1,1,1,1,1,0,0,1,1,1,1,0.0,-955.228807797088,1
544,0,1,1,1,1,1,1,0,1,1,0,0,1,1,1,1,0,1,1,1,0,1,1,1,0.0,-954.8388269032694,1
545,1,1,1,1,1,0,0,1,1,1,1,0,1,1,1,1,1,1,1,0,1,0,0,1,0.0,-954.6811323075423,1
546,1,1,1,1,1,0,0,0,0,1,1,0,1,1,1,1,1,1,1,0,0,1,0,1,0.0,-954.4551192002759,1
547,0,1,0,0,0,1,1,0,1,0,1,1,1,1,1,0,1,1,1,1,1,1,1,0,0.0,-954.4428439844366,1
548,1,1,1,0,0,1,0,0,0,1,1,0,1,1,1,0,1,1,0,1,1,1,1,0,0.0,-954.4238730629054,1
549,0,1,0,1,1,1,0,0,1,0,0,1,1,0,1,1,1,1,1,1,1,0,0,1,0.0,-954.4090726939929,1
550,1,1,1,1,0,1,0,0,1,1,0,0,1,1,1,1,1,0,1,0,1,1,1,0,0.0,-954.2335131459583,1
551,1,1,1,1,1,1,1,1,1,0,0,0,1,1,1,1,1,1,1,1,1,1,0,0,0.0,-953.9955442092282,1
552,1,0,1,1,1,0,0,0,1,1,0,1,1,1,0,1,1,1,1,1,1,0,1,1,0.0,-953.9183344951015,1
553,0,0,1,1,1,0,1,0,1,1,0,1,1,1,0,1,1,1,1,1,1,1,0,1,0.0,-953.2686050610461,1
554,1,1,0,1,0,1,0,1,0,1,0,1,1,1,1,0,1,1,1,1,1,1,0,0,0.0,-953.0108495285274,1
555,1,1,0,1,1,1,0,0,0,0,1,1,1,1,1,1,1,1,0,1,1,1,0,1,0.0,-952.6334739171242,1
556,1,0,1,1,1,0,0,0,0,1,1,0,1,1,1,1,1,0,1,1,1,1,0,1,0.0,-952.5140993873646,1
557,1,1,1,1,1,1,0,0,1,0,1,0,1,1,1,1,1,0,1,1,0,1,1,1,0.0,-952.392470277442,1
558,0,0,0,0,1,1,1,0,0,1,1,0,1,1,1,1,0,1,1,1,1,1,0,1,0.0,-952.0208486785594,1
559,0,1,1,1,1,0,1,0,1,1,0,0,1,1,1,1,1,1,0,1,1,1,0,1,0.0,-951.8559154940889,1
560,1,1,1,0,1,0,0,0,0,0,1,1,1,1,1,0,1,1,1,1,1,1,0,0,0.0,-951.6498828442202,1
561,1,0,0,1,1,1,0,0,0,1,1,1,1,1,1,0,1,1,1,1,1,1,0,1,0.0,-950.8105430645638,1
562,1,0,1,0,1,0,0,0,0,1,1,0,1,1,1,1,0,0,1,1,1,1,1,1,0.0,-950.7169247819191,1
563,1,1,1,0,1,0,0,0,1,1,1,1,1,1,1,1,1,0,1,1,0,1,0,1,0.0,-950.3993533947817,1
564,1,1,0,1,1,0,0,0,1,1,0,1,1,1,1,1,1,1,1,0,0,1,0,1,0.0,-950.3032504781206,1
565,0,1,1,0,1,0,1,0,1,1,1,0,1,1,1,1,1,1,0,1,1,1,0,1,0.0,-950.2729096138668,1
566,1,1,0,1,0,1,0,1,0,0,0,0,0,1,1,1,1,1,1,1,1,1,0,1,0.0,-950.1679425588885,1
567,1,0,0,1,0,1,0,1,1,1,0,1,0,1,1,1,1,0,1,1,1,0,1,1,0.0,-950.0612315789743,1
568,1,0,0,0,1,1,0,0,1,1,0,0,1,1,1,0,1,1,0,1,1,1,1,0,0.0,-949.8579716944023,1
569,1,1,0,0,1,0,0,0,1,1,1,0,1,1,1,0,0,1,1,1,0,1,1,1,0.0,-949.4288775434745,1
570,0,1,1,0,1,1,0,0,0,1,1,1,1,0,1,1,1,1,1,1,1,0,0,1,0.0,-949.3853070878305,1
571,1,1,0,1,1,1,0,0,1,1,0,1,1,1,1,1,1,0,1,0,0,1,1,1,0.0,-949.2951881545757,1
572,0,0,1,0,1,1,1,0,1,0,1,0,1,1,1,1,1,1,1,1,1,1,0,1,0.0,-949.2878577589628,1
573,1,1,0,0,1,1,0,0,1,0,1,1,1,1,1,1,1,0,1,1,0,1,0,1,0.0,-949.0527519403713,1
574,1,1,0,0,1,0,0,0,1,1,1,1,1,1,1,1,0,1,1,1,0,1,0,0,0.0,-948.9671863767537,1
575,1,0,0,1,1,0,0,0,1,1,1,0,1,1,1,1,1,0,1,1,1,1,0,1,0.0,-948.6485045287392,1
576,1,1,0,0,0,1,0,1,1,1,0,1,1,1,1,0,1,1,1,1,0,1,0,1,0.0,-948.56272982974,1
577,0,1,1,0,0,1,1,0,1,1,1,1,1,1,1,1,1,0,1,1,1,1,0,1,0.0,-948.5299909428574,1
578,1,1,1,1,1,1,0,0,1,1,1,0,1,1,1,1,0,0,0,1,1,1,1,1,0.0,-948.1079813395908,1
579,1,0,1,1,1,0,0,1,0,0,1,0,1,1,1,1,1,1,1,1,1,1,1,0,0.0,-947.6231016280005,1
580,1,0,1,1,0,1,0,1,1,0,0,0,1,1,1,0,1,1,1,1,1,0,1,1,0.0,-947.6096869359859,1
581,1,1,1,1,1,0,0,0,0,1,0,0,1,1,1,1,1,0,1,1,0,1,1,0,0.0,-947.4650528744679,1
582,1,1,1,1,1,0,0,0,0,1,1,0,1,0,1,1,1,1,1,1,1,0,0,0,0.0,-947.3414996593192,1
583,1,1,0,0,1,1,1,0,1,1,1,1,1,1,1,0,1,1,1,1,0,1,1,0,0.0,-947.2199853993194,1
584,0,0,0,0,1,0,1,1,1,1,1,1,1,1,0,1,1,1,1,1,1,1,1,1,0.0,-947.0841645004588,1
585,1,1,0,0,1,0,0,0,1,1,1,1,1,1,1,0,1,1,1,0,1,1,0,1,0.0,-946.8246388729498,1
586,1,1,1,0,1,0,0,0,0,0,1,0,1,0,1,1,1,1,1,1,1,0,0,1,0.0,-946.6179529410362,1
587,1,1,0,0,1,1,0,0,1,0,0,1,1,1,1,1,1,1,0,1,1,0,0,0,0.0,-946.3378625952109,1
588,1,1,0,1,1,1,0,0,0,0,0,0,1,1,1,1,1,1,1,0,0,1,1,1,0.0,-946.2907017698661,1
589,0,1,1,0,0,0,0,0,0,1,1,1,1,1,1,0,1,1,1,1,1,0,1,1,0.0,-946.1804260468288,1
590,1,0,0,1,1,1,1,1,0,1,1,0,1,1,1,1,1,0,1,1,1,1,1,1,0.0,-946.1367982545236,1
591,1,1,1,0,1,1,0,0,1,0,1,1,1,1,1,0,1,1,1,0,1,1,0,1,0.0,-945.8879340237787,1
592,1,0,1,0,1,1,0,1,0,1,0,0,1,1,1,1,1,0,1,1,1,1,0,1,0.0,-945.6394965689441,1
593,1,0,0,0,1,0,1,0,1,1,1,0,1,1,1,1,1,0,1,1,1,1,1,0,0.0,-945.3134131123256,1
594,1,1,1,0,1,0,0,0,0,1,1,0,1,0,1,1,1,1,1,0,1,0,1,1,0.0,-945.2973832750184,1
595,1,1,0,1,1,1,1,0,0,1,1,0,1,1,1,1,1,1,1,0,1,1,1,0,0.0,-944.88095573174,1
596,0,0,1,1,0,1,1,1,1,1,1,1,1,0,1,1,1,1,0,1,1,1,1,1,0.0,-944.7777055980661,1
597,1,1,0,0,1,1,0,0,1,1,1,1,1,1,1,0,1,1,0,1,0,1,0,1,0.0,-944.5594112248177,1
598,1,1,0,0,0,1,0,1,0,1,1,1,1,1,1,0,1,1,1,1,1,0,1,0,0.0,-944.4993984307887,1
599,1,0,0,1,1,0,0,0,1,1,1,0,1,1,1,1,1,1,0,1,1,1,0,0,0.0,-944.4782851185605,1
600,1,1,1,1,0,1,0,1,0,0,0,0,1,1,1,1,1,1,0,1,1,0,1,0,0.0,-944.1204989159144,1
601,1,1,0,0,0,1,1,0,1,1,1,0,1,1,1,0,1,1,1,1,1,0,0,0,0.0,-944.1203471332394,1
602,1,0,0,1,1,1,1,0,1,1,0,1,1,1,1,1,0,1,1,0,1,0,0,1,0.0,-943.5319154610303,1
603,1,0,1,0,0,0,0,0,1,1,1,1,1,1,1,1,1,0,1,1,1,1,0,1,0.0,-943.3984211836784,1
604,1,1,0,0,0,1,1,0,1,1,1,0,1,1,1,1,1,1,0,1,1,0,0,0,0.0,-942.4441712541268,1
605,0,0,1,1,1,1,1,0,0,1,0,1,1,1,1,1,1,1,0,1,0,1,1,1,0.0,-942.1857530205666,1
606,1,1,1,0,0,0,0,0,1,1,1,1,1,1,1,0,1,1,0,1,1,1,1,0,0.0,-942.0332666464249,1
607,1,0,1,0,1,1,0,1,1,1,1,0,0,1,1,1,1,1,0,1,1,0,1,1,0.0,-941.9580849360249,1
608,1,1,0,1,1,0,0,0,1,1,0,0,1,1,1,0,1,0,1,1,1,1,1,0,0.0,-941.7038522908936,1
609,1,1,1,0,0,0,0,0,1,1,1,1,0,1,1,0,1,1,1,1,1,1,0,1,0.0,-940.081723083803,1
610,0,1,0,1,1,1,1,0,1,0,0,1,1,1,1,1,0,1,0,1,1,1,0,1,0.0,-939.9149936936238,1
611,1,0,0,1,0,1,1,1,1,1,0,0,1,1,1,0,0,1,1,0,1,1,1,0,0.0,-939.6469918754497,1
612,1,1,1,1,1,0,1,0,0,1,1,1,1,1,1,1,1,0,1,1,1,1,1,1,0.0,-939.4165155122208,1
613,1,1,1,1,1,1,0,0,1,0,1,0,1,1,1,1,0,1,0,1,1,0,1,0,0.0,-939.4095344497564,1
614,1,0,0,0,1,1,0,0,0,1,1,0,1,1,1,1,0,1,1,0,1,1,1,0,0.0,-938.9133974046074,1
615,1,0,1,0,0,1,0,1,1,1,1,0,0,1,1,0,1,1,1,1,1,0,0,1,0.0,-938.7630186205098,1
616,1,1,1,1,1,1,0,0,0,1,0,1,1,1,1,0,1,0,1,1,1,0,1,1,0.0,-938.360947152188,1
617,0,0,1,1,1,1,0,0,1,1,0,1,1,1,0,1,1,1,1,1,1,1,0,1,0.0,-938.1084560408091,1
618,1,1,0,1,1,1,0,1,1,1,1,0,1,1,1,1,1,0,1,1,0,1,0,1,0.0,-937.9337004311128,1
619,1,1,1,0,1,1,0,0,1,0,1,0,1,1,1,1,1,0,0,1,1,1,0,1,0.0,-937.8888862357604,1
620,1,1,1,0,1,0,0,0,1,1,1,1,1,1,1,0,1,1,0,1,1,0,0,1,0.0,-937.7860035955106,1
621,1,0,0,0,1,1,1,0,1,1,1,0,1,1,1,1,1,1,0,0,1,1,0,0,0.0,-937.7564011470124,1
622,1,1,0,1,1,0,0,0,1,1,0,0,0,1,1,1,1,1,1,1,0,1,0,0,0.0,-937.4676950430418,1
623,0,0,1,0,1,0,1,1,0,1,1,1,1,1,1,1,1,0,1,1,1,1,1,0,0.0,-937.0337477702233,1
624,1,0,0,0,1,0,1,0,1,1,0,0,1,1,1,1,1,1,1,0,1,1,0,1,0.0,-936.1168669047364,1
625,1,1,1,1,1,1,0,0,0,1,0,1,1,1,1,0,1,1,1,0,1,0,0,1,0.0,-935.6112963672252,1
626,1,1,0,1,1,1,0,0,1,1,0,0,1,0,0,1,1,1,0,1,1,1,1,1,0.0,-935.1901298635327,1
627,1,1,0,0,1,1,0,0,0,0,1,1,1,1,1,1,1,1,0,1,1,0,0,1,0.0,-934.7532262619876,1
628,1,1,1,1,0,0,0,0,1,1,0,0,0,1,1,1,1,0,1,1,1,1,0,1,0.0,-934.6953292478498,1
629,0,1,1,0,1,1,0,0,0,1,1,0,1,1,1,1,1,0,1,1,1,0,1,1,0.0,-934.3587704982257,1
630,0,0,0,1,1,1,1,0,1,1,1,1,0,1,1,1,0,1,1,1,1,0,1,0,0.0,-933.6018730510657,1
631,1,1,0,1,1,1,1,0,1,1,0,0,1,1,1,0,1,0,1,1,1,0,1,1,0.0,-933.4004611742738,1
632,0,1,0,0,0,1,1,0,1,1,0,1,1,1,1,1,1,0,1,1,1,0,1,1,0.0,-933.3232911560223,1
633,1,0,0,1,1,0,1,1,1,1,1,0,1,0,1,1,1,1,1,1,1,1,0,1,0.0,-933.1886636213097,1
634,0,1,0,1,0,1,1,0,1,1,0,0,1,1,1,0,1,1,1,1,1,0,0,1,0.0,-933.0694479220814,1
635,0,0,1,1,0,1,1,1,0,1,0,1,1,1,1,1,1,1,1,0,0,1,0,1,0.0,-932.7021822293372,1
636,1,0,1,0,1,1,1,1,1,0,0,1,1,1,1,1,1,1,1,1,1,1,0,1,0.0,-932.594923162441,1
637,1,0,0,0,1,1,1,0,1,1,1,0,1,1,1,1,0,1,1,0,1,0,0,0,0.0,-932.475466333567,1
638,1,1,1,1,0,1,0,1,1,1,0,0,1,1,1,0,0,1,1,1,0,1,0,1,0.0,-932.2456051268877,1
639,1,1,1,1,1,0,0,0,0,1,0,0,0,1,1,1,1,1,1,0,1,0,0,1,0.0,-932.2436317053051,1
640,1,1,0,0,0,1,0,0,1,0,1,0,1,1,1,0,1,1,0,1,1,1,0,0,0.0,-931.5541424981466,1
641,0,1,1,0,1,1,0,0,0,0,1,1,1,1,1,1,1,0,1,1,1,1,0,1,0.0,-931.405602703477,1
642,1,1,1,1,1,0,0,0,1,1,1,0,1,1,1,1,0,1,0,1,0,1,0,1,0.0,-931.3634718232031,1
643,0,1,0,0,1,1,0,0,1,1,0,1,0,1,1,0,1,1,1,1,1,0,1,1,0.0,-930.6974515290877,1
644,1,0,0,0,0,1,1,1,1,1,1,1,1,1,0,1,1,0,1,1,1,1,1,1,0.0,-930.5001759177388,1
645,1,1,1,0,1,1,0,0,1,1,1,0,0,1,1,1,1,1,0,0,1,1,0,1,0.0,-930.4365535969422,1
646,1,1,1,1,1,1,0,0,1,0,0,0,1,1,1,0,1,1,0,1,1,0,1,0,0.0,-930.0494033674001,1
647,0,0,1,0,1,0,1,1,0,1,1,1,1,1,1,1,1,1,1,1,0,0,1,0,0.0,-929.8877852999625,1
648,1,1,0,1,0,1,0,0,1,1,0,0,0,1,1,0,1,1,0,1,1,1,0,1,0.0,-928.8353870778859,1
649,1,1,1,0,1,0,0,0,1,1,1,0,1,0,1,1,0,1,0,1,1,1,1,0,0.0,-928.7632605620893,1
650,1,1,0,1,1,1,0,0,0,1,0,0,1,1,1,1,1,0,0,1,1,0,1,1,0.0,-928.6727905672866,1
651,1,1,1,1,1,0,1,0,0,0,0,0,1,1,1,1,1,1,1,0,1,1,0,1,0.0,-928.1628806419561,1
652,1,1,0,0,0,1,0,0,1,1,1,0,0,1,1,0,1,1,1,0,1,1,1,0,0.0,-927.9211087161339,1
653,1,0,1,0,1,0,0,0,0,1,0,0,1,1,1,1,1,0,1,1,1,0,1,1,0.0,-927.8060357562287,1
654,0,1,1,0,1,0,0,0,0,1,1,0,0,1,1,1,0,1,1,1,1,1,1,1,0.0,-927.7830883114726,1
655,1,1,0,0,0,1,0,0,1,1,0,0,1,0,1,0,1,1,1,1,1,1,0,0,0.0,-927.1732846901234,1
656,0,0,1,1,0,1,1,1,0,1,1,1,1,1,1,1,1,0,1,1,1,0,0,1,0.0,-926.8232853220162,1
657,1,1,1,0,1,0,1,0,0,1,1,0,1,1,1,1,1,1,0,1,0,1,1,1,0.0,-926.7317905560917,1
658,0,1,0,1,1,1,0,0,1,0,0,0,1,1,1,0,0,1,1,1,1,1,1,0,0.0,-926.6910753323141,1
659,1,0,0,1,0,1,1,1,1,0,0,0,1,1,1,1,1,1,0,1,1,0,1,0,0.0,-925.7792931940619,1
660,1,1,1,0,1,1,0,0,0,0,1,1,1,1,1,1,1,0,0,1,1,1,1,1,0.0,-925.6270554856345,1
661,1,1,1,1,1,1,1,0,1,0,1,1,1,1,1,0,1,1,1,1,1,0,1,1,0.0,-925.5726476092146,1
662,1,1,0,0,1,1,0,1,1,1,1,1,1,1,1,1,1,0,0,1,1,0,1,1,0.0,-925.5641938657828,1
663,1,0,1,0,0,0,0,1,1,1,1,0,1,1,0,1,1,0,1,1,1,1,1,1,0.0,-924.6739582696651,1
664,1,1,1,0,1,0,0,0,1,1,1,1,0,1,1,1,0,1,1,0,1,1,0,1,0.0,-924.6395944312379,1
665,1,1,0,1,1,1,0,0,1,1,0,0,1,1,0,0,1,1,0,1,1,1,1,0,0.0,-924.1910918553319,1
666,0,0,1,0,0,1,0,1,0,1,1,1,1,1,1,1,0,1,1,0,1,1,0,1,0.0,-923.7782541559433,1
667,0,0,1,0,1,1,0,1,1,1,0,1,0,1,1,1,1,1,1,1,1,0,1,1,0.0,-923.7308485810366,1
668,1,1,0,0,0,1,0,0,0,0,0,0,1,1,1,1,1,1,0,1,1,1,0,1,0.0,-923.4410711964073,1
669,1,1,1,1,1,0,0,0,0,1,1,1,0,1,1,1,1,1,0,1,1,0,1,1,0.0,-923.3948125940291,1
670,1,1,0,0,1,0,0,0,1,0,1,0,1,1,1,1,1,0,0,1,1,1,1,1,0.0,-922.4124359601964,1
671,1,1,1,1,1,1,0,0,1,0,0,1,1,1,1,1,1,0,0,1,1,1,0,1,0.0,-922.2739245191516,1
672,0,0,1,0,0,1,0,1,1,1,0,0,1,1,1,1,1,1,1,0,1,1,1,0,0.0,-922.2577011259207,1
673,1,1,0,0,1,0,1,0,1,1,1,1,1,1,1,0,1,1,1,1,1,1,0,0,0.0,-922.1850746849093,1
674,1,1,0,0,1,1,0,0,1,1,1,0,1,1,1,0,0,0,1,1,0,1,1,1,0.0,-922.1503249292305,1
675,0,1,0,1,0,1,0,0,0,1,0,1,1,1,1,1,1,0,1,1,1,1,1,0,0.0,-921.5006332392124,1
676,0,1,1,1,0,1,0,0,0,0,1,1,1,1,1,1,1,1,1,1,1,0,0,0,0.0,-921.451361472069,1
677,1,0,0,1,1,1,0,0,1,1,1,1,1,1,1,0,1,1,1,1,0,0,0,1,0.0,-921.1833891604097,1
678,1,1,0,1,0,1,1,0,1,1,1,0,1,1,1,0,1,0,1,1,1,1,1,1,0.0,-921.0969510452597,1
679,1,1,0,0,1,1,0,0,1,0,1,0,1,1,1,0,0,0,1,1,1,1,0,1,0.0,-920.9387610630298,1
680,1,1,0,1,1,1,0,0,1,0,0,0,1,1,1,0,1,0,0,1,1,1,1,1,0.0,-920.8742565391807,1
681,1,1,0,0,1,1,0,0,1,0,1,1,1,1,1,0,1,0,1,1,1,1,0,0,0.0,-920.5057353713505,1
682,1,1,0,0,1,0,0,0,1,0,1,0,1,1,1,0,1,1,0,1,1,1,0,1,0.0,-920.2793129825035,1
683,0,0,0,0,1,1,1,1,0,1,1,1,1,1,1,0,1,1,1,1,1,0,0,1,0.0,-919.7001440894104,1
684,1,1,1,0,1,1,1,0,0,0,1,1,1,1,1,0,1,1,1,1,1,0,1,1,0.0,-919.6169820182996,1
685,1,0,1,1,0,1,1,1,1,1,1,0,0,1,1,1,0,1,0,1,1,1,1,1,0.0,-919.5483692218896,1
686,1,0,1,1,0,1,0,1,0,1,0,0,1,1,0,0,1,1,1,1,1,1,0,1,0.0,-919.3364799918442,1
687,1,0,1,0,1,1,1,0,1,1,1,0,1,1,1,1,1,0,1,1,0,1,1,0,0.0,-919.2977818386563,1
688,1,1,1,0,0,1,0,1,0,1,1,1,1,1,1,1,1,0,1,1,1,0,0,0,0.0,-919.2714891297028,1
689,1,1,0,0,1,1,0,0,1,1,1,0,1,1,1,0,0,1,0,1,0,1,0,1,0.0,-918.3410260724248,1
690,1,1,1,0,1,0,0,0,1,1,1,0,1,1,1,0,0,1,0,1,1,1,0,0,0.0,-918.1251431072615,1
691,0,1,0,0,1,1,1,0,1,1,1,1,1,1,0,1,1,1,0,1,1,1,0,1,0.0,-917.871041844961,1
692,1,1,0,0,1,1,0,0,0,1,1,1,1,1,1,1,1,0,1,0,1,1,0,1,0.0,-917.8699103795931,1
693,1,1,1,0,0,0,0,0,0,1,1,0,1,1,1,1,1,0,1,1,0,1,0,1,0.0,-917.65221564369,1
694,1,1,1,1,1,1,0,0,1,0,0,1,1,1,1,1,0,0,1,1,1,0,0,1,0.0,-917.0129897057062,1
695,1,0,1,0,1,1,1,0,1,1,0,0,1,1,1,1,1,1,0,1,1,0,0,0,0.0,-916.9738130468688,1
696,1,1,0,1,1,1,0,0,1,1,1,0,1,1,1,1,0,0,1,1,0,0,1,0,0.0,-916.6294682887449,1
697,0,0,0,1,1,1,1,0,1,1,0,1,1,1,1,0,0,1,0,1,1,1,1,0,0.0,-916.3767888436962,1
698,1,0,1,0,1,0,1,0,1,1,0,0,1,1,1,1,1,1,0,0,1,1,1,1,0.0,-916.2729520540612,1
699,1,1,1,1,0,0,0,0,1,1,0,0,1,0,1,1,1,0,1,1,1,0,1,1,0.0,-916.1131511895695,1
700,0,1,0,1,0,0,1,1,1,1,0,1,0,1,1,1,1,1,1,1,1,0,1,1,0.0,-915.9543616887537,1
701,1,1,0,0,1,1,1,0,0,1,1,0,1,1,1,1,1,1,0,0,1,1,1,1,0.0,-915.536700984897,1
702,1,1,0,0,0,1,0,0,1,0,0,0,1,1,0,1,1,1,0,1,1,1,1,1,0.0,-914.5449707980018,1
703,1,1,0,1,1,0,0,0,1,1,0,1,1,1,1,0,1,1,0,1,1,0,1,0,0.0,-913.7881406197403,1
704,1,1,0,1,1,1,1,0,0,1,0,0,0,1,1,1,1,1,0,1,1,1,1,1,0.0,-913.7575946772814,1
705,0,1,1,1,1,1,0,0,0,0,0,1,1,1,1,0,0,1,1,1,1,1,0,1,0.0,-913.7496231474817,1
706,1,1,1,0,1,1,0,0,0,0,1,0,1,1,1,1,1,0,1,1,0,0,1,1,0.0,-913.1878691783113,1
707,1,1,0,1,0,1,0,0,1,0,0,0,1,0,1,0,1,1,1,1,1,0,0,1,0.0,-912.6034267574663,1
708,1,1,0,0,1,0,0,0,1,1,0,1,0,1,1,1,1,0,1,1,1,1,1,1,0.0,-912.497343396106,1
709,1,0,1,0,1,1,0,0,0,1,1,0,1,1,1,1,1,1,0,1,0,1,0,0,0.0,-912.4369882539762,1
710,1,1,1,0,1,0,0,0,1,1,1,1,1,1,0,1,1,0,1,1,1,1,0,1,0.0,-911.6309811016157,1
711,1,0,1,0,0,1,1,1,0,1,1,1,1,1,1,1,0,1,1,0,1,0,0,1,0.0,-911.5717758670606,1
712,1,0,0,1,1,1,0,0,1,0,0,1,1,1,1,1,1,1,0,1,1,0,1,0,0.0,-911.1269128857236,1
713,1,0,1,0,1,0,1,1,0,1,0,1,1,1,1,1,0,1,1,1,1,0,0,1,0.0,-910.8319346127979,1
714,1,0,0,1,1,1,0,1,1,0,1,0,0,1,1,1,1,1,1,1,1,1,0,0,0.0,-910.3671911823303,1
715,0,0,1,1,0,0,1,1,1,1,1,1,1,1,1,1,0,1,0,1,1,0,1,0,0.0,-910.3445646336636,1
716,1,1,1,1,0,0,0,0,0,1,0,0,1,1,1,0,1,1,1,1,0,0,0,1,0.0,-910.1636533287028,1
717,1,1,0,0,1,1,1,0,1,1,1,1,0,1,1,1,1,1,1,1,0,0,1,0,0.0,-910.032409895996,1
718,1,1,1,1,0,0,0,1,0,1,1,1,1,1,1,1,1,1,0,1,1,0,0,0,0.0,-909.8870004468736,1
719,0,1,0,1,1,1,0,0,1,1,1,0,1,1,1,1,0,1,0,1,0,1,1,1,0.0,-909.6956901394738,1
720,0,0,0,1,1,0,1,1,1,1,1,0,1,1,1,1,0,1,1,1,1,1,0,0,0.0,-909.196134493314,1
721,1,0,0,0,1,0,1,1,1,1,0,1,1,1,1,1,1,1,1,1,0,0,1,1,0.0,-908.8706109541628,1
722,0,0,0,1,1,0,1,0,1,1,0,1,1,1,1,1,1,0,1,1,1,0,0,1,0.0,-907.5751205054215,1
723,1,1,1,0,1,1,0,0,1,0,1,1,1,1,1,1,0,0,1,1,0,1,1,1,0.0,-907.1468377844662,1
724,0,1,0,1,1,1,1,0,1,0,1,1,1,1,1,1,1,1,0,1,1,0,0,0,0.0,-906.5493063572585,1
725,1,1,1,1,1,0,0,0,1,1,0,1,1,1,1,0,0,0,1,1,1,1,1,0,0.0,-906.3294802474582,1
726,1,0,1,1,1,0,0,0,0,1,0,1,1,1,1,0,1,1,1,0,1,1,0,1,0.0,-906.09048746469,1
727,0,1,1,1,1,0,0,1,1,1,0,1,1,1,1,0,0,1,1,1,1,1,0,1,0.0,-905.5786530748215,1
728,1,0,0,0,0,1,0,1,1,1,1,0,1,1,1,0,1,0,0,1,1,1,0,1,0.0,-905.2489250642133,1
729,0,1,0,0,1,1,0,0,1,1,1,1,1,1,1,1,1,0,0,0,1,1,1,1,0.0,-904.8650847348396,1
730,1,1,0,0,0,1,1,1,1,1,0,1,1,1,1,0,1,1,1,0,1,1,1,1,0.0,-904.008227872101,1
731,0,1,1,0,1,0,1,0,0,1,1,0,1,1,1,0,1,1,1,1,1,1,0,0,0.0,-903.9633212049132,1
732,1,1,1,0,1,0,0,0,0,0,0,1,1,1,1,1,0,0,1,1,1,1,1,1,0.0,-903.9397576500625,1
733,1,1,0,1,1,1,1,0,1,1,0,1,1,1,1,0,0,1,1,0,1,1,0,1,0.0,-903.265425551472,1
734,1,1,0,1,1,0,0,0,0,0,0,1,1,1,1,1,1,1,0,1,1,1,0,1,0.0,-903.008175386782,1
735,1,1,1,1,1,1,0,0,1,1,0,0,1,1,0,1,1,0,1,0,1,1,1,1,0.0,-902.9347317608605,1
736,0,1,1,0,1,0,0,0,1,0,1,1,1,1,1,1,1,0,1,1,1,0,1,0,0.0,-902.6231078222388,1
737,1,1,1,0,0,1,0,1,1,1,1,0,1,1,1,0,1,1,0,1,0,1,1,0,0.0,-902.3536779985222,1
738,1,0,1,0,0,1,0,0,0,1,1,0,1,1,1,1,0,1,1,0,1,0,1,0,0.0,-902.3036582950829,1
739,0,1,1,1,1,1,0,0,0,1,0,1,0,1,1,1,1,0,1,1,1,1,1,0,0.0,-901.6445158857714,1
740,0,1,1,1,1,0,1,0,0,0,1,0,1,1,1,1,1,1,1,1,0,1,1,1,0.0,-900.77849479612,1
741,1,0,1,1,0,1,1,1,0,1,0,0,1,1,0,0,1,1,1,1,1,1,1,0,0.0,-900.6827007223517,1
742,1,0,1,0,1,0,0,0,1,1,1,0,1,1,1,0,1,1,0,1,0,1,1,1,0.0,-900.5180730042166,1
743,0,1,0,1,1,1,0,0,0,1,1,0,1,1,1,1,1,0,1,1,1,1,1,0,0.0,-900.3876590066707,1
744,0,1,0,0,1,1,0,0,0,0,0,1,1,1,1,1,1,1,1,1,0,1,1,0,0.0,-898.7794006187409,1
745,0,1,0,1,0,1,0,0,1,0,1,1,1,0,1,1,0,1,1,1,1,1,0,1,0.0,-898.7292098157549,1
746,0,0,1,0,0,1,1,1,0,1,1,0,1,1,1,0,1,1,1,1,0,1,1,0,0.0,-898.5827511998428,1
747,1,1,1,1,0,0,0,0,1,0,0,1,0,1,1,1,1,1,1,0,1,1,0,1,0.0,-898.3445557413212,1
748,1,1,0,1,1,1,0,0,1,1,1,1,1,1,1,0,0,0,1,1,1,0,0,1,0.0,-897.916815520338,1
749,1,0,0,1,0,1,0,0,0,1,1,1,1,1,1,1,1,0,1,1,1,1,1,0,0.0,-897.7015032942561,1
750,1,1,1,1,1,0,1,0,1,1,1,0,1,1,1,0,1,1,0,1,1,0,1,1,0.0,-897.632914913842,1
751,1,0,1,0,1,0,1,0,1,1,1,0,1,1,1,1,1,1,0,0,1,1,0,0,0.0,-896.4293571859887,1
752,1,1,0,1,1,1,0,0,1,0,1,1,1,0,1,0,1,1,1,0,1,1,1,1,0.0,-896.3192377580264,1
753,1,1,0,1,1,1,0,0,1,0,0,0,1,1,1,1,1,0,0,1,0,1,1,0,0.0,-896.1084514200575,1
754,0,1,1,1,1,0,1,0,1,0,1,1,0,1,1,1,1,1,1,1,1,1,0,0,0.0,-896.0987337884553,1
755,1,1,0,1,0,1,0,0,1,0,1,1,1,1,1,0,1,1,1,1,0,0,0,1,0.0,-896.0917439881541,1
756,1,1,0,1,0,1,1,0,1,1,0,0,1,0,1,1,1,0,1,1,1,1,1,0,0.0,-895.7248610986176,1
757,1,1,0,1,1,0,1,0,1,1,0,0,1,1,1,1,1,1,0,0,1,1,0,1,0.0,-895.6465777547706,1
758,1,0,0,1,1,1,0,0,1,1,1,0,0,1,1,0,0,1,1,1,1,1,0,0,0.0,-895.6282829521042,1
759,1,1,1,1,0,1,0,1,1,1,0,0,0,1,1,1,0,1,1,1,0,0,0,1,0.0,-895.0380296235643,1
760,1,1,0,1,0,1,1,0,1,0,1,1,1,1,1,1,1,1,1,0,1,0,0,1,0.0,-894.9349293046974,1
761,1,1,1,1,0,0,0,0,1,0,1,0,0,1,1,1,1,1,1,1,0,0,1,1,0.0,-894.2345179195528,1
762,0,1,1,1,1,0,1,0,1,1,0,1,1,1,1,1,1,0,1,1,0,1,1,0,0.0,-894.0432640700589,1
763,0,1,1,1,0,1,1,0,1,1,0,1,0,1,1,1,0,1,1,1,1,0,0,1,0.0,-893.6964358835384,1
764,1,1,1,0,1,0,0,0,1,1,1,1,0,1,1,1,1,1,1,0,0,0,1,1,0.0,-893.3449301230125,1
765,1,1,1,1,1,0,1,0,0,0,0,0,0,1,1,1,1,1,1,1,1,0,0,1,0.0,-891.5918329459024,1
766,1,1,1,0,0,0,0,0,1,1,1,0,1,1,0,0,1,1,1,1,1,0,0,1,0.0,-891.1766285993086,1
767,1,1,1,0,1,0,0,0,1,0,0,1,0,1,1,1,1,1,0,1,1,1,1,0,0.0,-890.853426873113,1
768,1,1,0,1,1,0,1,0,1,0,1,1,1,1,1,0,1,1,1,1,1,1,0,1,0.0,-890.814152260468,1
769,1,0,1,1,1,0,1,0,1,1,1,1,1,1,1,1,0,1,0,1,1,1,0,0,0.0,-890.8110543590058,1
770,0,0,1,1,1,1,1,0,0,1,1,0,1,1,1,1,0,1,0,1,1,1,1,0,0.0,-890.206835130733,1
771,0,1,1,1,1,0,1,0,1,1,0,0,1,1,0,1,1,1,1,1,1,1,0,0,0.0,-890.0179139609124,1
772,0,1,0,1,1,1,0,0,1,1,1,0,0,1,1,0,1,1,1,1,1,0,0,1,0.0,-889.3845472488391,1
773,1,0,1,0,1,0,0,1,1,1,1,1,1,1,1,0,1,1,1,1,0,0,1,0,0.0,-889.1521358306472,1
774,1,0,1,1,1,1,1,0,1,1,1,0,0,1,1,1,0,1,1,1,1,0,0,0,0.0,-889.0246145952699,1
775,1,1,0,1,1,0,0,0,1,1,0,0,1,0,1,1,1,1,0,1,1,0,0,0,0.0,-889.0132450900007,1
776,1,0,0,0,0,1,0,1,1,1,1,1,1,1,1,0,1,1,1,0,0,1,0,0,0.0,-888.5021677331082,1
777,0,0,0,1,0,1,1,0,1,1,1,1,0,1,1,1,1,0,1,1,1,1,0,1,0.0,-888.171785080062,1
778,0,1,0,1,0,1,0,0,1,1,1,1,1,1,1,1,0,0,0,1,1,1,1,1,0.0,-887.8539976007593,1
779,0,1,1,0,0,0,0,0,1,0,1,1,1,1,1,1,0,1,1,0,1,1,0,1,0.0,-887.7266987364115,1
780,1,1,1,1,1,0,0,0,1,0,0,0,1,1,1,0,1,1,0,1,1,0,0,0,0.0,-887.1919208130575,1
781,1,0,0,0,1,1,1,0,0,1,1,0,0,1,1,1,1,1,1,1,0,0,1,1,0.0,-886.3546827457977,1
782,1,1,1,1,0,0,0,1,1,0,0,1,1,1,0,1,0,1,1,1,1,1,1,0,0.0,-886.3458845693212,1
783,0,1,1,0,1,1,1,0,0,1,1,1,1,1,1,0,1,0,1,1,1,1,0,1,0.0,-886.1382118379103,1
784,1,1,1,1,1,1,0,0,1,0,0,1,0,1,1,0,1,1,1,1,1,0,0,0,0.0,-884.2584813638753,1
785,0,0,1,0,0,1,1,1,1,1,1,1,1,1,1,0,1,0,1,0,1,1,1,1,0.0,-883.022869480972,1
786,0,0,0,1,0,1,1,1,0,0,0,1,1,1,1,0,1,1,1,1,1,1,1,0,0.0,-882.8467676051127,1
787,0,1,0,0,0,1,0,1,1,1,1,1,1,1,1,0,1,0,1,1,1,0,1,0,0.0,-882.7328910614426,1
788,1,1,1,0,1,0,0,0,0,1,1,1,1,1,1,0,1,0,0,1,1,1,1,1,0.0,-882.1155310725438,1
789,1,1,1,0,1,1,0,0,1,0,1,0,0,1,1,0,1,1,0,1,1,0,1,1,0.0,-881.4609907712612,1
790,1,1,1,1,1,0,1,0,1,1,0,1,1,1,1,0,1,0,1,1,1,1,1,0,0.0,-881.4229742805626,1
791,0,0,1,0,0,1,1,1,1,1,0,1,1,1,0,0,1,1,1,1,1,1,0,1,0.0,-881.2433790405142,1
792,1,1,0,0,1,1,0,0,0,1,1,1,1,1,0,1,1,1,1,1,0,1,0,0,0.0,-881.0352338125285,1
793,1,0,0,0,0,1,0,1,0,1,0,1,1,1,1,0,1,1,1,1,0,1,0,1,0.0,-881.0256242386386,1
794,1,1,1,1,1,0,0,0,0,1,1,1,1,1,1,1,1,0,1,1,0,0,0,1,0.0,-880.5373765894927,1
795,0,0,0,1,1,1,1,1,1,1,0,1,1,0,1,1,1,1,1,0,1,0,0,0,0.0,-880.0190143615323,1
796,1,1,0,0,1,1,1,0,1,0,1,0,1,1,1,0,0,0,1,1,1,1,1,1,0.0,-878.9563926376094,1
797,1,1,0,1,1,1,0,1,1,1,0,0,0,1,1,0,1,0,1,1,1,1,1,0,0.0,-878.9420503261035,1
798,1,1,0,0,0,1,0,1,0,1,1,0,1,0,1,1,1,0,1,1,1,0,1,1,0.0,-878.8708591579326,1
799,1,1,1,0,1,1,0,0,0,1,1,0,1,1,0,1,1,1,0,1,0,1,0,1,0.0,-878.7502071120571,1
800,1,1,1,0,0,1,0,1,1,0,1,0,1,1,1,0,1,0,1,1,1,1,0,0,0.0,-878.6709226984281,1
801,0,1,0,0,0,1,1,0,1,0,1,0,1,1,1,0,0,1,1,1,1,1,0,1,0.0,-878.6053793854168,1
802,1,1,1,1,0,0,0,1,0,0,0,0,0,1,0,1,1,1,1,1,1,1,1,1,0.0,-878.5804447554652,1
803,0,1,0,1,0,1,1,1,1,1,1,1,1,1,1,0,1,1,0,1,1,1,0,0,0.0,-878.5309811436539,1
804,1,1,0,1,1,0,0,0,1,1,0,1,1,1,1,0,0,1,1,0,1,1,0,0,0.0,-878.3498811598758,1
805,1,1,0,1,1,1,1,0,1,0,0,0,1,1,0,1,0,1,1,1,1,0,0,1,0.0,-877.9927510285869,1
806,1,1,0,1,1,1,1,0,1,1,1,1,1,1,1,1,1,0,0,1,1,1,0,0,0.0,-877.8916583384732,1
807,1,1,1,0,0,0,0,0,0,1,0,0,0,1,1,0,1,1,1,1,1,1,0,0,0.0,-876.1256201258693,1
808,0,1,1,1,0,0,1,0,1,0,1,0,1,0,1,1,1,1,1,1,1,1,1,1,0.0,-875.9841177753652,1
809,1,1,0,0,1,1,0,0,1,0,1,0,1,1,1,0,0,0,0,1,1,1,1,1,0.0,-875.8848979097348,1
810,1,1,0,1,1,1,0,0,1,0,1,1,0,1,1,0,0,1,1,1,1,0,0,1,0.0,-875.3918974228023,1
811,1,1,0,0,1,1,0,0,0,0,1,1,1,1,1,0,1,1,1,1,0,1,0,0,0.0,-875.2143549653115,1
812,0,0,1,1,0,0,1,0,0,1,1,1,1,1,1,1,0,1,1,1,0,0,1,1,0.0,-874.8853803062476,1
813,1,1,1,1,1,1,0,0,1,0,1,1,1,1,1,0,1,0,1,1,1,0,0,1,0.0,-873.8394711567472,1
814,1,1,1,1,1,1,0,0,0,1,1,1,0,1,1,1,0,1,1,1,0,0,1,0,0.0,-873.4758228684382,1
815,1,1,0,0,1,0,0,0,1,0,1,1,1,1,1,0,1,1,1,1,0,0,0,1,0.0,-873.4541914815183,1
816,1,0,0,1,1,1,1,0,1,1,1,1,1,1,0,1,1,0,1,1,1,1,0,1,0.0,-873.1537263463337,1
817,1,1,0,1,1,1,0,0,1,1,1,0,0,1,1,0,1,0,0,1,1,1,1,1,0.0,-872.9993906613248,1
818,0,1,1,0,1,0,1,0,0,0,1,1,0,1,1,1,1,1,1,0,1,1,1,1,0.0,-872.7202639601604,1
819,0,1,0,1,0,1,1,1,1,1,1,1,1,1,1,0,1,1,0,1,1,0,1,0,0.0,-871.6025359261373,1
820,1,1,1,0,1,0,0,0,0,0,1,1,1,1,0,1,0,1,1,1,1,1,0,0,0.0,-871.370763526779,1
821,0,1,0,0,0,1,0,0,1,0,1,1,1,1,1,1,1,1,1,0,0,0,1,0,0.0,-871.0876675451382,1
822,0,1,0,1,1,1,0,0,1,0,1,1,1,0,1,1,1,1,1,1,0,0,0,1,0.0,-869.7448071207589,1
823,1,1,1,0,0,1,0,1,1,1,1,0,1,1,1,0,1,0,0,1,1,0,1,1,0.0,-869.7431802964235,1
824,0,1,1,0,0,0,0,0,1,1,1,1,1,1,1,1,0,1,0,1,1,0,0,0,0.0,-869.490349727715,1
825,1,1,0,1,0,0,0,0,1,1,0,0,1,1,1,0,1,0,0,1,1,1,1,1,0.0,-868.420157787043,1
826,1,0,1,0,1,1,0,0,1,1,0,1,1,1,1,1,0,1,1,0,0,1,0,1,0.0,-867.8097740011317,1
827,0,0,1,1,1,1,1,0,1,1,1,1,1,0,0,1,1,1,1,1,1,1,0,1,0.0,-867.5833531906356,1
828,0,1,0,1,1,1,1,0,1,1,1,1,1,0,1,1,1,1,1,1,0,0,0,0,0.0,-867.4941829760015,1
829,1,1,0,1,0,1,1,0,1,0,0,0,1,1,1,1,1,0,0,1,1,1,0,1,0.0,-867.3883331933149,1
830,0,0,1,0,0,1,0,1,0,1,0,1,1,1,1,0,1,0,1,1,1,1,1,1,0.0,-867.1877738585498,1
831,1,1,0,0,1,1,0,0,0,0,0,0,1,1,1,1,0,1,0,1,0,1,1,1,0.0,-867.1533888018785,1
832,1,1,0,1,1,1,0,0,0,1,1,0,1,1,1,0,0,1,1,0,1,0,1,0,0.0,-866.9103486255385,1
833,0,1,1,1,1,1,0,0,1,1,1,1,1,1,1,0,1,1,1,0,0,1,0,1,0.0,-866.2050038107487,1
834,1,1,0,0,0,1,0,0,0,1,0,0,1,1,1,1,1,1,1,0,0,0,0,1,0.0,-866.1628573355362,1
835,0,0,1,1,1,0,0,0,1,1,0,1,1,0,1,1,0,1,1,1,1,0,1,0,0.0,-865.8056486986989,1
836,1,1,0,1,1,0,0,0,1,0,0,0,1,1,1,0,1,0,1,1,1,0,1,0,0.0,-865.7812713672436,1
837,1,1,1,1,1,0,0,0,1,1,1,1,1,1,1,0,1,0,1,1,0,1,0,1,0.0,-865.4224879768211,1
838,1,1,1,1,1,1,0,0,0,1,0,0,1,1,1,0,1,0,0,1,1,1,0,0,0.0,-864.4915956784694,1
839,1,1,0,0,1,1,0,0,1,1,1,1,1,1,0,0,1,1,0,1,0,1,1,1,0.0,-864.3089573824183,1
840,1,0,1,1,1,0,1,0,0,1,1,0,1,1,1,0,1,0,1,1,1,1,1,0,0.0,-864.2021425529908,1
841,1,1,0,0,0,1,0,1,0,1,1,1,1,1,1,0,0,1,1,0,1,1,1,0,0.0,-864.0172758176293,1
842,1,1,0,0,0,1,0,0,1,1,1,0,0,1,1,0,1,0,1,1,0,1,1,1,0.0,-863.2891082145369,1
843,0,0,0,1,0,0,0,0,1,1,1,1,1,1,1,1,1,0,1,1,1,1,1,0,0.0,-863.2135485391541,1
844,0,0,1,0,1,0,1,0,0,1,1,1,0,1,1,1,1,0,1,1,1,0,1,1,0.0,-862.4813822145351,1
845,0,0,0,0,1,1,1,1,1,1,1,1,1,1,1,0,1,0,1,1,0,1,1,0,0.0,-862.2943957704272,1
846,0,1,1,1,1,0,1,0,0,0,0,1,1,1,1,1,1,1,1,0,1,0,0,0,0.0,-861.8092507573847,1
847,1,0,0,1,1,1,0,1,1,1,0,0,1,0,1,1,0,1,1,0,1,0,0,0,0.0,-861.3588038607115,1
848,0,1,1,0,1,0,1,0,0,1,1,1,1,1,1,1,1,1,0,1,0,0,0,1,0.0,-860.7690812248933,1
849,1,1,0,0,1,1,0,0,0,1,0,1,1,0,1,0,1,1,1,1,1,0,0,1,0.0,-860.7041908890832,1
850,1,1,0,1,1,0,0,0,1,1,1,1,0,1,1,0,1,0,1,1,1,1,1,1,0.0,-860.5987842448443,1
851,1,1,1,1,1,1,0,0,0,0,0,0,1,1,1,0,1,0,1,1,1,0,0,0,0.0,-859.9133681988135,1
852,1,1,0,0,0,0,1,0,0,1,0,0,1,1,1,0,1,1,1,1,1,1,1,1,0.0,-859.3015318018903,1
853,1,1,0,1,1,1,0,0,1,1,1,0,0,0,1,0,1,0,1,1,1,1,1,1,0.0,-859.0231937045661,1
854,0,0,1,0,1,1,1,1,0,1,1,1,1,0,1,1,1,1,1,0,1,0,0,1,0.0,-858.9630141840076,1
855,1,1,0,0,1,0,0,1,0,0,0,0,1,1,1,1,0,1,1,1,1,1,0,1,0.0,-857.8108548630179,1
856,0,1,0,0,0,0,1,0,1,0,1,1,0,1,1,1,1,1,1,1,1,1,0,0,0.0,-857.6167214349864,1
857,1,1,0,1,1,0,1,0,1,0,1,0,1,1,1,1,1,0,1,1,1,1,0,0,0.0,-857.2233417002205,1
858,0,1,1,1,1,1,1,0,0,1,1,1,1,1,0,1,1,1,0,1,1,1,1,0,0.0,-856.0370282971346,1
859,1,0,1,0,0,0,0,1,0,1,1,0,1,0,1,0,1,0,1,1,1,1,1,1,0.0,-854.8818209931356,1
860,1,1,1,1,1,0,0,0,0,1,0,1,0,1,1,1,1,0,0,1,1,1,1,0,0.0,-853.0484861135863,1
861,1,1,0,1,1,0,1,0,1,1,0,0,0,1,1,0,1,1,1,1,0,1,1,1,0.0,-852.478559896812,1
862,1,1,0,1,1,1,0,0,1,1,0,1,1,1,1,0,1,0,0,1,0,1,0,1,0.0,-852.3268722271522,1
863,0,1,0,0,1,0,0,0,1,0,0,0,1,1,1,0,0,1,1,1,1,1,1,1,0.0,-852.1141817658219,1
864,1,1,1,0,0,1,0,1,0,0,1,1,0,1,1,1,1,1,0,1,1,0,1,0,0.0,-851.6927078788722,1
865,0,0,1,1,1,0,1,0,0,1,1,0,1,1,1,0,1,0,1,1,1,1,1,1,0.0,-851.5682374616105,1
866,1,1,0,0,1,0,0,0,1,1,1,0,1,1,0,0,0,1,1,1,1,0,0,1,0.0,-851.1410794513937,1
867,1,1,0,1,1,0,0,0,1,1,0,1,1,1,0,1,1,1,0,1,1,0,0,0,0.0,-850.6248837608239,1
868,1,1,1,0,1,1,0,0,1,0,0,1,1,1,1,0,1,0,1,1,0,1,1,1,0.0,-847.8067067021101,1
869,1,0,0,1,0,0,1,0,1,1,1,0,1,1,1,0,1,1,0,1,1,0,1,1,0.0,-847.6694625601866,1
870,1,0,0,0,0,0,0,1,1,1,1,1,0,1,1,0,1,0,1,1,1,1,1,1,0.0,-845.4919913784428,1
871,0,1,0,0,0,1,1,0,1,0,1,0,1,1,1,0,0,1,1,1,1,0,0,1,0.0,-845.376443877201,1
872,1,1,0,0,0,0,0,1,1,1,1,0,1,0,1,0,1,1,1,0,1,1,1,0,0.0,-844.0784069432818,1
873,0,0,0,1,1,1,0,1,1,1,1,1,0,1,1,0,1,1,1,1,1,0,0,0,0.0,-843.700439992384,1
874,1,0,1,0,1,1,1,1,1,1,1,0,1,1,0,1,1,0,1,1,1,0,0,1,0.0,-842.0394179222029,1
875,1,1,0,1,0,1,0,1,1,1,1,0,1,1,1,0,1,1,0,0,0,1,0,1,0.0,-841.8912570240452,1
876,0,1,0,0,0,1,0,0,0,1,1,1,1,1,1,0,0,1,1,1,1,0,0,0,0.0,-841.1292161238578,1
877,0,1,0,1,1,0,1,0,1,0,0,0,1,1,1,1,1,1,0,0,1,1,1,1,0.0,-839.9581066945831,1
878,0,1,0,1,1,1,1,1,1,0,0,0,1,1,1,1,1,0,1,1,1,0,1,0,0.0,-838.8062898757519,1
879,0,0,1,1,0,1,0,1,0,1,0,1,0,1,1,1,1,0,1,1,1,0,0,1,0.0,-838.3610202114481,1
880,0,1,1,1,1,0,0,0,0,1,0,1,0,1,1,1,1,1,0,0,1,1,0,1,0.0,-837.6449302372431,1
881,0,1,0,0,1,1,0,0,0,0,1,1,1,1,1,0,1,0,1,1,1,1,0,1,0.0,-836.527476835976,1
882,1,1,1,0,1,0,1,0,1,1,1,0,1,0,0,1,1,1,1,1,1,0,0,1,0.0,-835.8521489512462,1
883,1,1,1,0,0,1,0,0,1,1,0,0,0,1,1,1,1,1,0,0,1,0,0,1,0.0,-835.5185599180992,1
884,0,1,1,1,1,0,1,0,0,1,1,1,1,1,1,1,0,0,0,1,1,1,1,1,0.0,-835.4804933835502,1
885,1,1,1,0,0,0,0,1,0,1,0,1,1,0,1,1,1,1,0,1,1,0,0,1,0.0,-833.4482424765735,1
886,1,1,0,1,1,0,0,0,0,0,1,0,0,1,1,1,1,0,1,1,1,1,1,1,0.0,-833.4369305471283,1
887,0,0,0,1,1,1,0,0,1,0,0,1,0,1,1,0,1,1,1,1,1,1,0,1,0.0,-833.4308113309836,1
888,1,1,0,1,0,1,0,1,1,1,1,1,0,0,1,1,0,1,1,1,0,1,1,0,0.0,-833.2558845449024,1
889,1,0,0,1,1,1,1,0,0,0,0,1,1,1,1,1,1,0,1,1,1,1,0,1,0.0,-832.608365353305,1
890,1,1,1,1,1,0,1,0,0,0,0,0,0,0,1,1,1,1,1,1,1,0,1,1,0.0,-832.561772835849,1
891,1,1,1,1,0,1,1,0,0,1,0,0,1,1,1,0,1,1,1,1,0,0,0,0,0.0,-831.8063760321547,1
892,1,1,0,0,0,1,1,0,1,1,1,0,0,1,1,1,1,0,1,1,0,0,1,1,0.0,-831.475491555083,1
893,0,1,1,0,1,0,0,0,1,1,1,0,1,1,1,1,1,0,0,0,1,1,1,1,0.0,-830.7360083706466,1
894,0,1,1,0,0,0,0,0,0,1,1,0,0,1,1,0,0,1,1,1,1,1,1,1,0.0,-829.5041588426628,1
895,0,0,1,0,0,0,1,1,0,0,1,0,1,1,1,1,1,1,0,1,1,1,0,0,0.0,-829.1380191908859,1
896,0,1,0,1,0,1,0,0,1,0,0,1,1,1,1,0,1,1,0,1,0,0,1,1,0.0,-828.6242586327081,1
897,1,1,1,0,1,1,0,0,1,1,1,0,0,1,0,0,1,0,1,1,1,1,1,1,0.0,-828.3414361279191,1
898,0,1,0,1,1,1,1,0,1,1,0,1,1,1,1,1,1,0,0,0,1,0,1,0,0.0,-828.3048855466543,1
899,0,0,0,1,1,1,1,1,1,1,0,1,1,1,1,0,1,0,1,0,1,0,1,0,0.0,-828.136332610215,1
900,1,1,1,0,0,1,0,0,0,1,1,0,1,1,1,1,1,0,0,0,1,0,0,1,0.0,-827.1037854229052,1
901,1,0,1,1,1,1,1,0,1,0,1,0,1,1,1,0,0,1,1,1,1,0,0,1,0.0,-827.0010200190151,1
902,0,0,0,0,0,0,1,1,1,1,1,1,1,0,1,0,1,0,1,1,1,1,1,1,0.0,-826.260083886107,1
903,1,1,1,1,0,0,1,1,0,1,0,1,1,1,1,1,0,0,1,1,1,1,0,0,0.0,-825.8472267891536,1
904,1,0,0,1,1,1,0,1,1,1,0,1,1,1,1,0,0,0,1,0,1,1,1,0,0.0,-825.527090020779,1
905,1,1,0,0,1,0,0,0,0,1,0,0,1,1,1,1,0,1,0,1,1,0,0,0,0.0,-824.8517771506149,1
906,1,1,1,0,0,0,0,1,0,1,1,1,1,1,1,1,0,0,1,1,0,1,0,0,0.0,-824.7645077851186,1
907,1,0,0,1,1,1,0,0,1,0,1,0,1,1,1,1,1,0,0,1,1,1,0,0,0.0,-824.5160870888822,1
908,1,1,0,1,1,1,0,1,0,0,0,0,1,1,1,1,0,0,1,1,0,1,1,1,0.0,-823.7315328464612,1
909,1,0,1,0,0,0,1,1,1,1,1,1,0,1,1,0,1,1,1,0,1,1,0,0,0.0,-823.0080193359081,1
910,1,1,1,0,1,1,1,0,1,1,0,1,1,1,1,0,0,0,1,1,1,1,1,0,0.0,-819.9223016480614,1
911,0,0,1,1,1,0,1,0,1,1,1,0,1,1,1,0,0,1,1,0,1,0,1,1,0.0,-819.8281421539012,1
912,1,1,0,0,1,0,1,0,1,1,1,1,1,1,1,1,1,1,0,1,0,0,0,0,0.0,-819.5473914576481,1
913,1,0,0,0,1,0,0,1,0,1,1,0,1,1,1,1,1,0,1,1,0,1,0,1,0.0,-819.208290429447,1
914,0,0,1,0,1,0,0,0,1,1,1,0,1,1,1,1,1,1,0,0,1,0,0,1,0.0,-818.8493753025119,1
915,1,0,1,0,1,0,1,1,1,1,1,1,0,1,0,1,0,1,1,1,1,1,1,0,0.0,-817.904847585246,1
916,1,0,0,0,1,0,0,1,1,1,1,1,1,1,1,0,0,1,0,1,1,0,1,0,0.0,-816.9640531747423,1
917,0,1,1,0,0,1,0,0,1,1,0,1,0,1,1,1,1,1,1,0,0,1,0,1,0.0,-815.845993498093,1
918,1,1,0,1,1,1,0,0,1,1,1,1,0,1,0,1,1,1,0,0,1,1,1,0,0.0,-815.8080851579409,1
919,0,1,0,0,1,1,0,0,0,0,1,1,1,1,1,0,1,1,0,0,1,1,1,1,0.0,-814.9944531884174,1
920,0,1,1,0,1,1,1,0,1,0,0,1,1,1,1,0,0,1,1,1,0,1,1,0,0.0,-814.0063133351297,1
921,1,1,1,1,1,0,1,0,0,1,0,0,0,1,1,1,1,0,1,1,1,0,0,0,0.0,-813.7985226393771,1
922,1,0,1,1,0,0,1,1,1,1,0,1,1,1,0,1,0,1,1,1,0,0,1,0,0.0,-813.5824117733803,1
923,1,1,1,0,1,0,0,0,0,0,1,1,1,1,1,0,1,1,1,0,0,1,0,0,0.0,-813.5626056321364,1
924,1,1,1,1,0,1,0,0,1,0,1,0,1,1,0,1,1,1,0,0,1,1,1,0,0.0,-810.5984212980177,1
925,1,1,1,0,0,1,0,1,1,0,1,0,1,0,1,0,0,1,1,1,1,0,0,0,0.0,-810.5406289181233,1
926,0,1,1,0,1,0,0,1,0,0,0,0,1,1,1,1,1,1,0,1,1,0,1,1,0.0,-808.869041317898,1
927,0,1,1,1,1,1,0,0,1,1,0,1,0,1,1,0,1,0,0,1,1,1,1,1,0.0,-808.6477491649622,1
928,1,1,0,1,0,1,0,1,0,0,1,1,1,1,1,1,0,1,1,0,0,1,0,1,0.0,-808.2814688274376,1
929,1,0,1,0,0,1,0,1,1,1,1,1,1,0,1,0,1,0,1,1,0,1,1,1,0.0,-807.8326272640097,1
930,1,1,0,0,1,1,0,0,1,0,1,0,1,1,0,0,0,0,1,1,1,0,1,1,0.0,-807.4593717124145,1
931,0,1,1,1,1,0,1,0,1,1,0,1,1,1,0,1,0,0,1,1,1,0,1,1,0.0,-805.3310143635252,1
932,0,1,1,1,1,0,1,0,0,0,0,1,0,1,1,1,0,1,0,1,1,1,0,1,0.0,-803.5767787286167,1
933,1,1,0,1,1,0,0,0,0,0,1,1,1,1,1,1,0,1,1,0,0,1,1,1,0.0,-802.2676954268663,1
934,1,1,0,0,1,0,0,0,1,1,1,1,0,1,0,1,1,1,0,1,1,0,0,1,0.0,-802.0364711646847,1
935,0,1,1,0,1,0,0,0,1,1,1,0,0,1,1,1,1,0,0,1,1,1,0,1,0.0,-801.0834058921097,1
936,0,1,0,1,1,0,1,0,1,0,1,1,1,1,1,0,1,1,0,1,1,0,0,1,0.0,-797.0055473728056,1
937,0,0,0,0,0,1,1,1,1,0,1,1,0,0,1,1,1,1,1,1,0,1,0,1,0.0,-795.8872734864647,1
938,1,1,1,0,1,0,1,1,0,0,1,0,1,1,1,1,1,1,0,1,0,0,1,1,0.0,-795.2072329639971,1
939,1,1,1,0,0,0,0,0,1,0,1,0,1,0,1,0,0,1,1,1,0,1,0,1,0.0,-791.7133878352796,1
940,1,0,0,0,1,0,1,0,0,1,0,0,1,1,1,1,1,1,0,1,0,0,1,1,0.0,-789.0218483314502,1
941,0,1,0,1,0,1,0,0,1,1,1,1,0,1,1,0,1,0,0,1,1,1,1,1,0.0,-787.9353552251126,1
942,0,1,0,1,1,1,1,0,0,1,1,1,1,1,1,0,1,0,1,1,1,0,0,0,0.0,-785.7592293299238,1
943,1,0,1,0,0,1,0,1,1,1,1,0,0,1,1,0,1,0,1,0,1,1,0,0,0.0,-781.1802930346148,1
944,1,1,1,1,1,1,0,0,0,0,1,0,1,1,1,0,0,1,0,1,0,0,1,0,0.0,-780.6144316009484,1
945,1,0,1,1,1,1,0,1,1,1,0,0,1,1,0,1,0,0,0,1,1,1,0,1,0.0,-780.3935118335424,1
946,1,1,0,0,0,1,0,1,0,0,0,0,1,1,1,0,1,1,0,1,0,1,0,1,0.0,-780.3383451231487,1
947,1,1,0,1,1,1,0,0,1,0,0,0,0,1,1,1,0,0,0,1,0,1,0,1,0.0,-779.3762016642177,1
948,1,1,0,0,0,1,1,0,1,0,1,0,1,1,1,0,0,1,0,0,1,1,0,1,0.0,-776.2416365047239,1
949,0,0,0,0,1,0,1,0,1,1,1,1,1,0,1,1,0,1,0,1,1,0,0,0,0.0,-773.0549920650444,1
950,1,0,1,0,1,1,0,0,1,1,1,1,0,1,1,1,0,0,1,1,0,0,0,1,0.0,-770.5014876938892,1
951,1,0,1,1,1,0,1,1,0,0,0,1,0,0,1,1,1,1,1,1,1,1,0,1,0.0,-770.4675216409825,1
952,1,0,1,1,1,0,1,0,0,1,1,1,1,1,1,0,0,0,1,1,1,0,1,0,0.0,-770.4088866987202,1
953,1,1,1,1,1,0,1,0,0,1,1,0,1,1,1,0,0,1,0,0,1,1,0,1,0.0,-769.5559485659895,1
954,1,1,0,0,1,0,0,1,0,0,1,0,1,1,1,1,1,0,0,1,1,1,1,0,0.0,-768.7746950036856,1
955,0,1,0,0,1,1,0,0,0,1,1,1,1,1,1,0,1,0,1,0,0,1,1,1,0.0,-767.4343353300256,1
956,0,0,1,1,0,0,1,1,0,1,1,1,0,1,1,1,1,0,1,0,1,0,1,0,0.0,-765.9538495728596,1
957,1,1,1,0,1,0,0,0,1,0,0,1,0,1,1,0,1,1,0,1,1,0,0,0,0.0,-761.6458235093166,1
958,1,1,1,1,1,1,1,0,0,0,0,1,1,1,1,0,1,1,0,0,1,1,0,0,0.0,-759.8779634558209,1
959,0,1,1,0,0,0,1,1,0,0,0,1,1,1,1,0,1,1,1,1,0,1,0,0,0.0,-758.9581015136436,1
960,1,1,0,0,1,0,1,0,0,1,1,0,1,1,1,0,0,0,1,1,1,1,0,1,0.0,-757.4782020547067,1
961,0,1,1,1,1,0,0,0,0,0,1,1,1,1,0,0,1,1,1,1,1,0,0,0,0.0,-757.2759994143742,1
962,1,1,0,0,0,0,0,0,1,0,0,1,1,1,0,1,1,0,1,1,1,1,0,0,0.0,-755.3569183688626,1
963,1,0,1,1,1,0,1,0,0,0,1,0,1,1,1,0,1,1,0,0,1,1,1,1,0.0,-750.3663940433711,1
964,1,1,0,0,0,1,0,0,0,1,1,1,1,1,1,0,1,0,0,0,1,1,0,1,0.0,-748.2566274667889,1
965,1,0,0,1,1,0,0,1,0,1,1,0,1,1,1,1,0,1,0,0,1,0,0,1,0.0,-747.2133722206032,1
966,1,1,1,1,0,0,1,0,1,1,1,0,0,1,1,1,1,0,1,0,1,0,1,0,0.0,-745.6462153646892,1
967,1,0,0,1,1,1,1,1,0,0,0,1,1,1,0,1,1,1,1,0,1,1,1,0,0.0,-743.5753635041253,1
968,0,1,0,0,1,0,1,0,1,0,1,0,0,1,1,1,1,0,0,1,1,1,1,1,0.0,-741.1874437486355,1
969,0,1,1,1,0,0,1,0,1,0,0,1,1,1,0,1,0,0,1,1,1,1,1,0,0.0,-740.6041417083061,1
970,1,0,1,1,1,1,1,0,0,1,0,1,0,1,1,1,1,0,1,0,0,1,0,1,0.0,-738.7778642992862,1
971,0,0,1,0,1,1,1,0,0,1,1,1,0,1,1,1,0,1,1,0,0,0,0,0,0.0,-738.3983882599875,1
972,1,1,1,0,0,1,1,0,1,1,0,0,0,1,0,1,1,1,1,0,1,0,1,0,0.0,-731.6981899595023,1
973,1,1,0,1,0,1,0,0,1,0,0,1,0,1,1,1,0,0,0,1,0,0,1,1,0.0,-726.6690369459415,1
974,1,0,0,1,1,1,1,0,1,1,1,1,0,1,0,0,1,0,1,1,1,0,1,1,0.0,-722.9402860039467,1
975,1,0,0,1,0,0,0,0,0,1,0,0,1,1,1,0,0,0,1,1,1,0,0,1,0.0,-719.2116270917969,1
976,0,0,0,1,1,0,1,0,1,0,1,1,1,1,1,0,0,0,1,1,1,1,1,0,0.0,-717.7732659974236,1
977,1,1,1,1,1,1,0,0,0,1,0,1,0,0,1,1,1,0,0,1,0,1,0,1,0.0,-716.8832766899175,1
978,1,0,0,1,1,0,1,0,0,1,0,1,0,1,0,1,1,1,1,1,1,0,0,0,0.0,-712.4824553376079,1
979,0,1,1,1,0,1,1,1,1,1,0,0,0,0,1,0,1,1,1,1,0,1,0,1,0.0,-709.1164152637978,1
980,0,1,0,1,1,1,0,0,1,0,1,1,0,1,1,1,1,0,0,0,0,1,1,1,0.0,-705.4333620664046,1
981,0,1,0,0,0,1,0,0,0,1,1,1,1,1,0,0,1,0,0,1,1,1,1,1,0.0,-699.0155630610881,1
982,1,0,1,1,0,0,1,0,1,1,1,0,1,1,1,0,1,0,0,0,1,0,1,0,0.0,-682.0877497686954,1
983,0,0,0,1,1,0,0,1,1,1,1,0,0,1,1,1,1,0,0,1,1,0,1,0,0.0,-675.1201848592702,1
984,1,0,1,0,1,1,0,0,1,0,0,1,0,1,1,1,1,0,0,0,1,1,1,0,0.0,-647.0874167396103,1
985,0,0,0,0,1,0,1,0,1,0,1,1,1,0,1,0,1,0,1,0,1,1,0,1,0.0,-621.2039713801956,1
986,0,1,0,0,1,0,1,0,0,1,0,1,0,1,1,0,1,0,0,1,1,1,1,0,0.0,-615.8908734475924,1
987,1,0,1,0,0,1,0,1,0,1,1,0,1,1,0,1,1,1,1,1,1,1,0,1,0.041666666666666664,-987.4116516765033,1
988,1,0,0,1,0,0,0,1,1,1,0,1,1,1,1,1,0,1,1,0,1,1,0,0,0.041666666666666664,-917.5725780052767,1
989,1,1,0,1,0,1,0,0,1,1,1,1,0,1,1,1,1,0,1,0,1,0,1,1,0.041666666666666664,-864.7095612890738,1
990,0,0,0,1,1,0,1,1,1,1,1,1,1,1,1,1,1,1,0,1,0,0,1,0,0.041666666666666664,-839.3691491442636,1
